image_path,time,speed
IMG/0.033330000333300004.jpg,0.033330000333300004,18.993333000033328
IMG/0.06666000066660001.jpg,0.06666000066660001,18.996666000066657
IMG/0.09999000099990002.jpg,0.09999000099990002,18.99999900009999
IMG/0.13332000133320002.jpg,0.13332000133320002,19.00333200013332
IMG/0.16665000166650001.jpg,0.16665000166650001,19.00666500016665
IMG/0.1999800019998.jpg,0.1999800019998,19.009998000199978
IMG/0.2333100023331.jpg,0.2333100023331,19.013331000233308
IMG/0.26664000266640003.jpg,0.26664000266640003,19.01666400026664
IMG/0.29997000299970006.jpg,0.29997000299970006,19.01999700029997
IMG/0.3333000033330001.jpg,0.3333000033330001,19.0233300003333
IMG/0.3666300036663001.jpg,0.3666300036663001,19.02666300036663
IMG/0.39996000399960013.jpg,0.39996000399960013,19.029996000399958
IMG/0.43329000433290016.jpg,0.43329000433290016,19.033329000433287
IMG/0.4666200046662002.jpg,0.4666200046662002,19.03666200046662
IMG/0.4999500049995002.jpg,0.4999500049995002,19.03999500049995
IMG/0.5332800053328002.jpg,0.5332800053328002,19.04332800053328
IMG/0.5666100056661002.jpg,0.5666100056661002,19.04666100056661
IMG/0.5999400059994002.jpg,0.5999400059994002,19.049994000599938
IMG/0.6332700063327003.jpg,0.6332700063327003,19.05332700063327
IMG/0.6666000066660003.jpg,0.6666000066660003,19.0566600006666
IMG/0.6999300069993003.jpg,0.6999300069993003,19.05999300069993
IMG/0.7332600073326003.jpg,0.7332600073326003,19.06332600073326
IMG/0.7665900076659004.jpg,0.7665900076659004,19.066659000766588
IMG/0.7999200079992004.jpg,0.7999200079992004,19.06999200079992
IMG/0.8332500083325004.jpg,0.8332500083325004,19.07332500083325
IMG/0.8665800086658004.jpg,0.8665800086658004,19.07665800086658
IMG/0.8999100089991005.jpg,0.8999100089991005,19.07999100089991
IMG/0.9332400093324005.jpg,0.9332400093324005,19.08332400093324
IMG/0.9665700096657005.jpg,0.9665700096657005,19.08665700096657
IMG/0.9999000099990005.jpg,0.9999000099990005,19.0899900009999
IMG/1.0332300103323004.jpg,1.0332300103323004,19.09332300103323
IMG/1.0665600106656004.jpg,1.0665600106656004,19.09665600106656
IMG/1.0998900109989003.jpg,1.0998900109989003,19.09998900109989
IMG/1.1332200113322002.jpg,1.1332200113322002,19.10332200113322
IMG/1.1665500116655.jpg,1.1665500116655,19.10665500116655
IMG/1.1998800119988.jpg,1.1998800119988,19.10998800119988
IMG/1.2332100123321.jpg,1.2332100123321,19.11332100123321
IMG/1.2665400126653998.jpg,1.2665400126653998,19.11665400126654
IMG/1.2998700129986998.jpg,1.2998700129986998,19.11998700129987
IMG/1.3332000133319997.jpg,1.3332000133319997,19.1233200013332
IMG/1.3665300136652996.jpg,1.3665300136652996,19.12665300136653
IMG/1.3998600139985995.jpg,1.3998600139985995,19.12998600139986
IMG/1.4331900143318994.jpg,1.4331900143318994,19.13331900143319
IMG/1.4665200146651993.jpg,1.4665200146651993,19.13665200146652
IMG/1.4998500149984992.jpg,1.4998500149984992,19.139985001499852
IMG/1.5331800153317992.jpg,1.5331800153317992,19.14331800153318
IMG/1.566510015665099.jpg,1.566510015665099,19.14665100156651
IMG/1.599840015998399.jpg,1.599840015998399,19.14998400159984
IMG/1.633170016331699.jpg,1.633170016331699,19.15331700163317
IMG/1.6665000166649988.jpg,1.6665000166649988,19.156650001666502
IMG/1.6998300169982987.jpg,1.6998300169982987,19.159983001699832
IMG/1.7331600173315986.jpg,1.7331600173315986,19.16331600173316
IMG/1.7664900176648985.jpg,1.7664900176648985,19.16664900176649
IMG/1.7998200179981985.jpg,1.7998200179981985,19.16998200179982
IMG/1.8331500183314984.jpg,1.8331500183314984,19.17331500183315
IMG/1.8664800186647983.jpg,1.8664800186647983,19.176648001866482
IMG/1.8998100189980982.jpg,1.8998100189980982,19.17998100189981
IMG/1.9331400193313981.jpg,1.9331400193313981,19.18331400193314
IMG/1.966470019664698.jpg,1.966470019664698,19.18664700196647
IMG/1.999800019997998.jpg,1.999800019997998,19.1899800019998
IMG/2.033130020331298.jpg,2.033130020331298,19.189834349898344
IMG/2.0664600206645978.jpg,2.0664600206645978,19.189667699896678
IMG/2.0997900209978977.jpg,2.0997900209978977,19.18950104989501
IMG/2.1331200213311976.jpg,2.1331200213311976,19.189334399893344
IMG/2.1664500216644975.jpg,2.1664500216644975,19.189167749891677
IMG/2.1997800219977974.jpg,2.1997800219977974,19.189001099890014
IMG/2.2331100223310973.jpg,2.2331100223310973,19.188834449888347
IMG/2.2664400226643973.jpg,2.2664400226643973,19.18866779988668
IMG/2.299770022997697.jpg,2.299770022997697,19.188501149885013
IMG/2.333100023330997.jpg,2.333100023330997,19.188334499883346
IMG/2.366430023664297.jpg,2.366430023664297,19.18816784988168
IMG/2.399760023997597.jpg,2.399760023997597,19.188001199880013
IMG/2.433090024330897.jpg,2.433090024330897,19.187834549878346
IMG/2.4664200246641967.jpg,2.4664200246641967,19.18766789987668
IMG/2.4997500249974967.jpg,2.4997500249974967,19.187501249875012
IMG/2.5330800253307966.jpg,2.5330800253307966,19.187334599873346
IMG/2.5664100256640965.jpg,2.5664100256640965,19.18716794987168
IMG/2.5997400259973964.jpg,2.5997400259973964,19.187001299870015
IMG/2.6330700263306963.jpg,2.6330700263306963,19.18683464986835
IMG/2.6664000266639962.jpg,2.6664000266639962,19.186667999866682
IMG/2.699730026997296.jpg,2.699730026997296,19.186501349865015
IMG/2.733060027330596.jpg,2.733060027330596,19.186334699863348
IMG/2.766390027663896.jpg,2.766390027663896,19.18616804986168
IMG/2.799720027997196.jpg,2.799720027997196,19.186001399860015
IMG/2.833050028330496.jpg,2.833050028330496,19.185834749858348
IMG/2.8663800286637957.jpg,2.8663800286637957,19.18566809985668
IMG/2.8997100289970956.jpg,2.8997100289970956,19.185501449855014
IMG/2.9330400293303955.jpg,2.9330400293303955,19.185334799853347
IMG/2.9663700296636955.jpg,2.9663700296636955,19.18516814985168
IMG/2.9997000299969954.jpg,2.9997000299969954,19.185001499850017
IMG/3.0330300303302953.jpg,3.0330300303302953,19.18483484984835
IMG/3.066360030663595.jpg,3.066360030663595,19.184668199846683
IMG/3.099690030996895.jpg,3.099690030996895,19.184501549845017
IMG/3.133020031330195.jpg,3.133020031330195,19.18433489984335
IMG/3.166350031663495.jpg,3.166350031663495,19.184168249841683
IMG/3.199680031996795.jpg,3.199680031996795,19.184001599840016
IMG/3.2330100323300948.jpg,3.2330100323300948,19.18383494983835
IMG/3.2663400326633947.jpg,3.2663400326633947,19.183668299836683
IMG/3.2996700329966946.jpg,3.2996700329966946,19.183501649835016
IMG/3.3330000333299945.jpg,3.3330000333299945,19.18333499983335
IMG/3.3663300336632944.jpg,3.3663300336632944,19.183168349831682
IMG/3.3996600339965943.jpg,3.3996600339965943,19.18300169983002
IMG/3.4329900343298942.jpg,3.4329900343298942,19.182835049828352
IMG/3.466320034663194.jpg,3.466320034663194,19.182668399826685
IMG/3.499650034996494.jpg,3.499650034996494,19.18250174982502
IMG/3.532980035329794.jpg,3.532980035329794,19.18233509982335
IMG/3.566310035663094.jpg,3.566310035663094,19.182168449821685
IMG/3.599640035996394.jpg,3.599640035996394,19.182001799820018
IMG/3.6329700363296937.jpg,3.6329700363296937,19.18183514981835
IMG/3.6663000366629936.jpg,3.6663000366629936,19.181668499816684
IMG/3.6996300369962936.jpg,3.6996300369962936,19.181501849815017
IMG/3.7329600373295935.jpg,3.7329600373295935,19.18133519981335
IMG/3.7662900376628934.jpg,3.7662900376628934,19.181168549811684
IMG/3.7996200379961933.jpg,3.7996200379961933,19.18100189981002
IMG/3.832950038329493.jpg,3.832950038329493,19.180835249808354
IMG/3.866280038662793.jpg,3.866280038662793,19.180668599806687
IMG/3.899610038996093.jpg,3.899610038996093,19.18050194980502
IMG/3.932940039329393.jpg,3.932940039329393,19.180335299803353
IMG/3.966270039662693.jpg,3.966270039662693,19.180168649801686
IMG/3.999600039995993.jpg,3.999600039995993,19.18000199980002
IMG/4.032930040329293.jpg,4.032930040329293,19.17489584374896
IMG/4.066260040662593.jpg,4.066260040662593,19.1697296936973
IMG/4.099590040995893.jpg,4.099590040995893,19.164563543645638
IMG/4.132920041329193.jpg,4.132920041329193,19.159397393593974
IMG/4.166250041662493.jpg,4.166250041662493,19.154231243542313
IMG/4.199580041995793.jpg,4.199580041995793,19.149065093490652
IMG/4.232910042329093.jpg,4.232910042329093,19.14389894343899
IMG/4.2662400426623925.jpg,4.2662400426623925,19.13873279338733
IMG/4.2995700429956925.jpg,4.2995700429956925,19.13356664333567
IMG/4.332900043328992.jpg,4.332900043328992,19.128400493284005
IMG/4.366230043662292.jpg,4.366230043662292,19.123234343232344
IMG/4.399560043995592.jpg,4.399560043995592,19.118068193180683
IMG/4.432890044328892.jpg,4.432890044328892,19.112902043129022
IMG/4.466220044662192.jpg,4.466220044662192,19.10773589307736
IMG/4.499550044995492.jpg,4.499550044995492,19.1025697430257
IMG/4.532880045328792.jpg,4.532880045328792,19.097403592974036
IMG/4.566210045662092.jpg,4.566210045662092,19.092237442922375
IMG/4.599540045995392.jpg,4.599540045995392,19.087071292870714
IMG/4.632870046328692.jpg,4.632870046328692,19.081905142819053
IMG/4.6662000466619915.jpg,4.6662000466619915,19.076738992767392
IMG/4.699530046995291.jpg,4.699530046995291,19.07157284271573
IMG/4.732860047328591.jpg,4.732860047328591,19.066406692664067
IMG/4.766190047661891.jpg,4.766190047661891,19.061240542612406
IMG/4.799520047995191.jpg,4.799520047995191,19.056074392560745
IMG/4.832850048328491.jpg,4.832850048328491,19.050908242509085
IMG/4.866180048661791.jpg,4.866180048661791,19.045742092457424
IMG/4.899510048995091.jpg,4.899510048995091,19.040575942405763
IMG/4.932840049328391.jpg,4.932840049328391,19.0354097923541
IMG/4.966170049661691.jpg,4.966170049661691,19.030243642302437
IMG/4.999500049994991.jpg,4.999500049994991,19.025077492250777
IMG/5.032830050328291.jpg,5.032830050328291,19.019911342199116
IMG/5.0661600506615905.jpg,5.0661600506615905,19.014745192147455
IMG/5.09949005099489.jpg,5.09949005099489,19.009579042095794
IMG/5.13282005132819.jpg,5.13282005132819,19.00441289204413
IMG/5.16615005166149.jpg,5.16615005166149,18.99924674199247
IMG/5.19948005199479.jpg,5.19948005199479,18.994080591940808
IMG/5.23281005232809.jpg,5.23281005232809,18.988914441889147
IMG/5.26614005266139.jpg,5.26614005266139,18.983748291837486
IMG/5.29947005299469.jpg,5.29947005299469,18.978582141785825
IMG/5.33280005332799.jpg,5.33280005332799,18.97341599173416
IMG/5.36613005366129.jpg,5.36613005366129,18.9682498416825
IMG/5.39946005399459.jpg,5.39946005399459,18.96308369163084
IMG/5.4327900543278895.jpg,5.4327900543278895,18.957917541579178
IMG/5.466120054661189.jpg,5.466120054661189,18.952751391527517
IMG/5.499450054994489.jpg,5.499450054994489,18.947585241475856
IMG/5.532780055327789.jpg,5.532780055327789,18.942419091424192
IMG/5.566110055661089.jpg,5.566110055661089,18.93725294137253
IMG/5.599440055994389.jpg,5.599440055994389,18.93208679132087
IMG/5.632770056327689.jpg,5.632770056327689,18.92692064126921
IMG/5.666100056660989.jpg,5.666100056660989,18.92175449121755
IMG/5.699430056994289.jpg,5.699430056994289,18.916588341165887
IMG/5.732760057327589.jpg,5.732760057327589,18.911422191114223
IMG/5.766090057660889.jpg,5.766090057660889,18.906256041062562
IMG/5.799420057994189.jpg,5.799420057994189,18.9010898910109
IMG/5.8327500583274885.jpg,5.8327500583274885,18.89592374095924
IMG/5.866080058660788.jpg,5.866080058660788,18.89075759090758
IMG/5.899410058994088.jpg,5.899410058994088,18.88559144085592
IMG/5.932740059327388.jpg,5.932740059327388,18.880425290804254
IMG/5.966070059660688.jpg,5.966070059660688,18.875259140752593
IMG/5.999400059993988.jpg,5.999400059993988,18.870092990700932
IMG/6.032730060327288.jpg,6.032730060327288,18.8839102756391
IMG/6.066060060660588.jpg,6.066060060660588,18.89807552578075
IMG/6.099390060993888.jpg,6.099390060993888,18.912240775922402
IMG/6.132720061327188.jpg,6.132720061327188,18.926406026064054
IMG/6.166050061660488.jpg,6.166050061660488,18.94057127620571
IMG/6.1993800619937875.jpg,6.1993800619937875,18.95473652634736
IMG/6.2327100623270875.jpg,6.2327100623270875,18.968901776489012
IMG/6.266040062660387.jpg,6.266040062660387,18.983067026630664
IMG/6.299370062993687.jpg,6.299370062993687,18.99723227677232
IMG/6.332700063326987.jpg,6.332700063326987,19.01139752691397
IMG/6.366030063660287.jpg,6.366030063660287,19.025562777055622
IMG/6.399360063993587.jpg,6.399360063993587,19.039728027197274
IMG/6.432690064326887.jpg,6.432690064326887,19.05389327733893
IMG/6.466020064660187.jpg,6.466020064660187,19.06805852748058
IMG/6.499350064993487.jpg,6.499350064993487,19.082223777622232
IMG/6.532680065326787.jpg,6.532680065326787,19.096389027763884
IMG/6.566010065660087.jpg,6.566010065660087,19.110554277905536
IMG/6.5993400659933865.jpg,6.5993400659933865,19.12471952804719
IMG/6.632670066326686.jpg,6.632670066326686,19.138884778188842
IMG/6.666000066659986.jpg,6.666000066659986,19.153050028330494
IMG/6.699330066993286.jpg,6.699330066993286,19.167215278472145
IMG/6.732660067326586.jpg,6.732660067326586,19.1813805286138
IMG/6.765990067659886.jpg,6.765990067659886,19.195545778755452
IMG/6.799320067993186.jpg,6.799320067993186,19.209711028897104
IMG/6.832650068326486.jpg,6.832650068326486,19.223876279038755
IMG/6.865980068659786.jpg,6.865980068659786,19.23804152918041
IMG/6.899310068993086.jpg,6.899310068993086,19.252206779322062
IMG/6.932640069326386.jpg,6.932640069326386,19.266372029463714
IMG/6.965970069659686.jpg,6.965970069659686,19.280537279605365
IMG/6.9993000699929855.jpg,6.9993000699929855,19.29470252974702
IMG/7.032630070326285.jpg,7.032630070326285,19.308867779888672
IMG/7.065960070659585.jpg,7.065960070659585,19.323033030030324
IMG/7.099290070992885.jpg,7.099290070992885,19.337198280171975
IMG/7.132620071326185.jpg,7.132620071326185,19.351363530313627
IMG/7.165950071659485.jpg,7.165950071659485,19.365528780455282
IMG/7.199280071992785.jpg,7.199280071992785,19.379694030596934
IMG/7.232610072326085.jpg,7.232610072326085,19.393859280738585
IMG/7.265940072659385.jpg,7.265940072659385,19.408024530880237
IMG/7.299270072992685.jpg,7.299270072992685,19.422189781021892
IMG/7.332600073325985.jpg,7.332600073325985,19.436355031163544
IMG/7.3659300736592845.jpg,7.3659300736592845,19.450520281305195
IMG/7.3992600739925845.jpg,7.3992600739925845,19.464685531446847
IMG/7.432590074325884.jpg,7.432590074325884,19.478850781588502
IMG/7.465920074659184.jpg,7.465920074659184,19.493016031730154
IMG/7.499250074992484.jpg,7.499250074992484,19.507181281871805
IMG/7.532580075325784.jpg,7.532580075325784,19.521346532013457
IMG/7.565910075659084.jpg,7.565910075659084,19.535511782155112
IMG/7.599240075992384.jpg,7.599240075992384,19.549677032296763
IMG/7.632570076325684.jpg,7.632570076325684,19.563842282438415
IMG/7.665900076658984.jpg,7.665900076658984,19.578007532580067
IMG/7.699230076992284.jpg,7.699230076992284,19.59217278272172
IMG/7.732560077325584.jpg,7.732560077325584,19.606338032863373
IMG/7.7658900776588835.jpg,7.7658900776588835,19.620503283005025
IMG/7.799220077992183.jpg,7.799220077992183,19.634668533146677
IMG/7.832550078325483.jpg,7.832550078325483,19.648833783288328
IMG/7.865880078658783.jpg,7.865880078658783,19.662999033429983
IMG/7.899210078992083.jpg,7.899210078992083,19.677164283571635
IMG/7.932540079325383.jpg,7.932540079325383,19.691329533713287
IMG/7.965870079658683.jpg,7.965870079658683,19.705494783854938
IMG/7.999200079991983.jpg,7.999200079991983,19.719660033996593
IMG/8.032530080325284.jpg,8.032530080325284,19.714144585541447
IMG/8.065860080658585.jpg,8.065860080658585,19.708145185481452
IMG/8.099190080991885.jpg,8.099190080991885,19.70214578542146
IMG/8.132520081325186.jpg,8.132520081325186,19.696146385361466
IMG/8.165850081658487.jpg,8.165850081658487,19.69014698530147
IMG/8.199180081991788.jpg,8.199180081991788,19.684147585241476
IMG/8.232510082325089.jpg,8.232510082325089,19.678148185181485
IMG/8.26584008265839.jpg,8.26584008265839,19.67214878512149
IMG/8.29917008299169.jpg,8.29917008299169,19.666149385061495
IMG/8.332500083324991.jpg,8.332500083324991,19.6601499850015
IMG/8.365830083658292.jpg,8.365830083658292,19.654150584941508
IMG/8.399160083991593.jpg,8.399160083991593,19.648151184881513
IMG/8.432490084324893.jpg,8.432490084324893,19.642151784821518
IMG/8.465820084658194.jpg,8.465820084658194,19.636152384761523
IMG/8.499150084991495.jpg,8.499150084991495,19.63015298470153
IMG/8.532480085324796.jpg,8.532480085324796,19.624153584641537
IMG/8.565810085658097.jpg,8.565810085658097,19.61815418458154
IMG/8.599140085991397.jpg,8.599140085991397,19.612154784521547
IMG/8.632470086324698.jpg,8.632470086324698,19.60615538446155
IMG/8.665800086657999.jpg,8.665800086657999,19.60015598440156
IMG/8.6991300869913.jpg,8.6991300869913,19.594156584341565
IMG/8.7324600873246.jpg,8.7324600873246,19.58815718428157
IMG/8.765790087657901.jpg,8.765790087657901,19.582157784221575
IMG/8.799120087991202.jpg,8.799120087991202,19.576158384161584
IMG/8.832450088324503.jpg,8.832450088324503,19.57015898410159
IMG/8.865780088657804.jpg,8.865780088657804,19.564159584041594
IMG/8.899110088991105.jpg,8.899110088991105,19.5581601839816
IMG/8.932440089324405.jpg,8.932440089324405,19.552160783921607
IMG/8.965770089657706.jpg,8.965770089657706,19.546161383861612
IMG/8.999100089991007.jpg,8.999100089991007,19.540161983801617
IMG/9.032430090324308.jpg,9.032430090324308,19.534162583741622
IMG/9.065760090657609.jpg,9.065760090657609,19.52816318368163
IMG/9.09909009099091.jpg,9.09909009099091,19.522163783621636
IMG/9.13242009132421.jpg,9.13242009132421,19.51616438356164
IMG/9.165750091657511.jpg,9.165750091657511,19.510164983501646
IMG/9.199080091990812.jpg,9.199080091990812,19.504165583441655
IMG/9.232410092324113.jpg,9.232410092324113,19.49816618338166
IMG/9.265740092657413.jpg,9.265740092657413,19.492166783321665
IMG/9.299070092990714.jpg,9.299070092990714,19.48616738326167
IMG/9.332400093324015.jpg,9.332400093324015,19.480167983201678
IMG/9.365730093657316.jpg,9.365730093657316,19.474168583141683
IMG/9.399060093990617.jpg,9.399060093990617,19.468169183081688
IMG/9.432390094323917.jpg,9.432390094323917,19.462169783021693
IMG/9.465720094657218.jpg,9.465720094657218,19.4561703829617
IMG/9.499050094990519.jpg,9.499050094990519,19.450170982901707
IMG/9.53238009532382.jpg,9.53238009532382,19.44417158284171
IMG/9.56571009565712.jpg,9.56571009565712,19.438172182781717
IMG/9.599040095990421.jpg,9.599040095990421,19.432172782721725
IMG/9.632370096323722.jpg,9.632370096323722,19.42617338266173
IMG/9.665700096657023.jpg,9.665700096657023,19.420173982601735
IMG/9.699030096990324.jpg,9.699030096990324,19.41417458254174
IMG/9.732360097323625.jpg,9.732360097323625,19.408175182481745
IMG/9.765690097656925.jpg,9.765690097656925,19.402175782421754
IMG/9.799020097990226.jpg,9.799020097990226,19.39617638236176
IMG/9.832350098323527.jpg,9.832350098323527,19.390176982301764
IMG/9.865680098656828.jpg,9.865680098656828,19.38417758224177
IMG/9.899010098990129.jpg,9.899010098990129,19.378178182181777
IMG/9.93234009932343.jpg,9.93234009932343,19.372178782121782
IMG/9.96567009965673.jpg,9.96567009965673,19.366179382061787
IMG/9.999000099990031.jpg,9.999000099990031,19.360179982001792
IMG/10.032330100323332.jpg,10.032330100323332,19.367112622071133
IMG/10.065660100656633.jpg,10.065660100656633,19.37444522214446
IMG/10.098990100989933.jpg,10.098990100989933,19.381777822217785
IMG/10.132320101323234.jpg,10.132320101323234,19.38911042229111
IMG/10.165650101656535.jpg,10.165650101656535,19.396443022364437
IMG/10.198980101989836.jpg,10.198980101989836,19.403775622437763
IMG/10.232310102323137.jpg,10.232310102323137,19.41110822251109
IMG/10.265640102656437.jpg,10.265640102656437,19.418440822584415
IMG/10.298970102989738.jpg,10.298970102989738,19.42577342265774
IMG/10.332300103323039.jpg,10.332300103323039,19.433106022731067
IMG/10.36563010365634.jpg,10.36563010365634,19.440438622804393
IMG/10.39896010398964.jpg,10.39896010398964,19.44777122287772
IMG/10.432290104322941.jpg,10.432290104322941,19.455103822951045
IMG/10.465620104656242.jpg,10.465620104656242,19.46243642302437
IMG/10.498950104989543.jpg,10.498950104989543,19.4697690230977
IMG/10.532280105322844.jpg,10.532280105322844,19.477101623171027
IMG/10.565610105656145.jpg,10.565610105656145,19.484434223244353
IMG/10.598940105989445.jpg,10.598940105989445,19.49176682331768
IMG/10.632270106322746.jpg,10.632270106322746,19.499099423391005
IMG/10.665600106656047.jpg,10.665600106656047,19.50643202346433
IMG/10.698930106989348.jpg,10.698930106989348,19.513764623537657
IMG/10.732260107322649.jpg,10.732260107322649,19.521097223610983
IMG/10.76559010765595.jpg,10.76559010765595,19.52842982368431
IMG/10.79892010798925.jpg,10.79892010798925,19.535762423757635
IMG/10.832250108322551.jpg,10.832250108322551,19.54309502383096
IMG/10.865580108655852.jpg,10.865580108655852,19.550427623904287
IMG/10.898910108989153.jpg,10.898910108989153,19.557760223977613
IMG/10.932240109322453.jpg,10.932240109322453,19.56509282405094
IMG/10.965570109655754.jpg,10.965570109655754,19.572425424124265
IMG/10.998900109989055.jpg,10.998900109989055,19.57975802419759
IMG/11.032230110322356.jpg,11.032230110322356,19.587090624270918
IMG/11.065560110655657.jpg,11.065560110655657,19.594423224344244
IMG/11.098890110988958.jpg,11.098890110988958,19.60175582441757
IMG/11.132220111322258.jpg,11.132220111322258,19.609088424490896
IMG/11.165550111655559.jpg,11.165550111655559,19.61642102456422
IMG/11.19888011198886.jpg,11.19888011198886,19.623753624637548
IMG/11.23221011232216.jpg,11.23221011232216,19.631086224710877
IMG/11.265540112655462.jpg,11.265540112655462,19.638418824784203
IMG/11.298870112988762.jpg,11.298870112988762,19.64575142485753
IMG/11.332200113322063.jpg,11.332200113322063,19.653084024930855
IMG/11.365530113655364.jpg,11.365530113655364,19.66041662500418
IMG/11.398860113988665.jpg,11.398860113988665,19.667749225077507
IMG/11.432190114321966.jpg,11.432190114321966,19.675081825150833
IMG/11.465520114655266.jpg,11.465520114655266,19.68241442522416
IMG/11.498850114988567.jpg,11.498850114988567,19.689747025297486
IMG/11.532180115321868.jpg,11.532180115321868,19.69707962537081
IMG/11.565510115655169.jpg,11.565510115655169,19.704412225444138
IMG/11.59884011598847.jpg,11.59884011598847,19.711744825517464
IMG/11.63217011632177.jpg,11.63217011632177,19.71907742559079
IMG/11.665500116655071.jpg,11.665500116655071,19.726410025664116
IMG/11.698830116988372.jpg,11.698830116988372,19.73374262573744
IMG/11.732160117321673.jpg,11.732160117321673,19.741075225810768
IMG/11.765490117654974.jpg,11.765490117654974,19.748407825884094
IMG/11.798820117988274.jpg,11.798820117988274,19.75574042595742
IMG/11.832150118321575.jpg,11.832150118321575,19.763073026030746
IMG/11.865480118654876.jpg,11.865480118654876,19.770405626104072
IMG/11.898810118988177.jpg,11.898810118988177,19.777738226177398
IMG/11.932140119321478.jpg,11.932140119321478,19.785070826250724
IMG/11.965470119654778.jpg,11.965470119654778,19.792403426324054
IMG/11.99880011998808.jpg,11.99880011998808,19.79973602639738
IMG/12.03213012032138.jpg,12.03213012032138,19.804980168649813
IMG/12.06546012065468.jpg,12.06546012065468,19.810146318701477
IMG/12.098790120987982.jpg,12.098790120987982,19.815312468753138
IMG/12.132120121321282.jpg,12.132120121321282,19.8204786188048
IMG/12.165450121654583.jpg,12.165450121654583,19.82564476885646
IMG/12.198780121987884.jpg,12.198780121987884,19.830810918908124
IMG/12.232110122321185.jpg,12.232110122321185,19.835977068959785
IMG/12.265440122654486.jpg,12.265440122654486,19.841143219011446
IMG/12.298770122987786.jpg,12.298770122987786,19.846309369063107
IMG/12.332100123321087.jpg,12.332100123321087,19.851475519114768
IMG/12.365430123654388.jpg,12.365430123654388,19.856641669166432
IMG/12.398760123987689.jpg,12.398760123987689,19.861807819218093
IMG/12.43209012432099.jpg,12.43209012432099,19.866973969269754
IMG/12.46542012465429.jpg,12.46542012465429,19.872140119321415
IMG/12.498750124987591.jpg,12.498750124987591,19.877306269373076
IMG/12.532080125320892.jpg,12.532080125320892,19.88247241942474
IMG/12.565410125654193.jpg,12.565410125654193,19.8876385694764
IMG/12.598740125987494.jpg,12.598740125987494,19.892804719528062
IMG/12.632070126320794.jpg,12.632070126320794,19.897970869579723
IMG/12.665400126654095.jpg,12.665400126654095,19.903137019631384
IMG/12.698730126987396.jpg,12.698730126987396,19.908303169683048
IMG/12.732060127320697.jpg,12.732060127320697,19.91346931973471
IMG/12.765390127653998.jpg,12.765390127653998,19.91863546978637
IMG/12.798720127987298.jpg,12.798720127987298,19.92380161983803
IMG/12.8320501283206.jpg,12.8320501283206,19.92896776988969
IMG/12.8653801286539.jpg,12.8653801286539,19.934133919941356
IMG/12.8987101289872.jpg,12.8987101289872,19.939300069993017
IMG/12.932040129320502.jpg,12.932040129320502,19.944466220044678
IMG/12.965370129653802.jpg,12.965370129653802,19.94963237009634
IMG/12.998700129987103.jpg,12.998700129987103,19.954798520148
IMG/13.032030130320404.jpg,13.032030130320404,19.959964670199664
IMG/13.065360130653705.jpg,13.065360130653705,19.965130820251325
IMG/13.098690130987006.jpg,13.098690130987006,19.970296970302986
IMG/13.132020131320306.jpg,13.132020131320306,19.975463120354647
IMG/13.165350131653607.jpg,13.165350131653607,19.980629270406308
IMG/13.198680131986908.jpg,13.198680131986908,19.985795420457972
IMG/13.232010132320209.jpg,13.232010132320209,19.990961570509633
IMG/13.26534013265351.jpg,13.26534013265351,19.996127720561294
IMG/13.29867013298681.jpg,13.29867013298681,20.001293870612955
IMG/13.332000133320111.jpg,13.332000133320111,20.006460020664615
IMG/13.365330133653412.jpg,13.365330133653412,20.01162617071628
IMG/13.398660133986713.jpg,13.398660133986713,20.01679232076794
IMG/13.431990134320014.jpg,13.431990134320014,20.0219584708196
IMG/13.465320134653314.jpg,13.465320134653314,20.027124620871263
IMG/13.498650134986615.jpg,13.498650134986615,20.032290770922923
IMG/13.531980135319916.jpg,13.531980135319916,20.037456920974588
IMG/13.565310135653217.jpg,13.565310135653217,20.04262307102625
IMG/13.598640135986518.jpg,13.598640135986518,20.04778922107791
IMG/13.631970136319818.jpg,13.631970136319818,20.05295537112957
IMG/13.66530013665312.jpg,13.66530013665312,20.058121521181235
IMG/13.69863013698642.jpg,13.69863013698642,20.063287671232896
IMG/13.73196013731972.jpg,13.73196013731972,20.068453821284557
IMG/13.765290137653022.jpg,13.765290137653022,20.073619971336218
IMG/13.798620137986322.jpg,13.798620137986322,20.07878612138788
IMG/13.831950138319623.jpg,13.831950138319623,20.083952271439543
IMG/13.865280138652924.jpg,13.865280138652924,20.089118421491204
IMG/13.898610138986225.jpg,13.898610138986225,20.094284571542865
IMG/13.931940139319526.jpg,13.931940139319526,20.099450721594526
IMG/13.965270139652826.jpg,13.965270139652826,20.104616871646186
IMG/13.998600139986127.jpg,13.998600139986127,20.10978302169785
IMG/14.031930140319428.jpg,14.031930140319428,20.08972436089716
IMG/14.065260140652729.jpg,14.065260140652729,20.068559810685517
IMG/14.09859014098603.jpg,14.09859014098603,20.04739526047387
IMG/14.13192014131933.jpg,14.13192014131933,20.026230710262226
IMG/14.165250141652631.jpg,14.165250141652631,20.00506616005058
IMG/14.198580141985932.jpg,14.198580141985932,19.98390160983893
IMG/14.231910142319233.jpg,14.231910142319233,19.962737059627287
IMG/14.265240142652534.jpg,14.265240142652534,19.94157250941564
IMG/14.298570142985835.jpg,14.298570142985835,19.920407959203995
IMG/14.331900143319135.jpg,14.331900143319135,19.899243408992348
IMG/14.365230143652436.jpg,14.365230143652436,19.878078858780704
IMG/14.398560143985737.jpg,14.398560143985737,19.856914308569056
IMG/14.431890144319038.jpg,14.431890144319038,19.835749758357412
IMG/14.465220144652339.jpg,14.465220144652339,19.814585208145765
IMG/14.49855014498564.jpg,14.49855014498564,19.793420657934117
IMG/14.53188014531894.jpg,14.53188014531894,19.772256107722473
IMG/14.565210145652241.jpg,14.565210145652241,19.751091557510826
IMG/14.598540145985542.jpg,14.598540145985542,19.72992700729918
IMG/14.631870146318843.jpg,14.631870146318843,19.708762457087534
IMG/14.665200146652143.jpg,14.665200146652143,19.68759790687589
IMG/14.698530146985444.jpg,14.698530146985444,19.666433356664243
IMG/14.731860147318745.jpg,14.731860147318745,19.645268806452595
IMG/14.765190147652046.jpg,14.765190147652046,19.62410425624095
IMG/14.798520147985347.jpg,14.798520147985347,19.602939706029304
IMG/14.831850148318647.jpg,14.831850148318647,19.58177515581766
IMG/14.865180148651948.jpg,14.865180148651948,19.560610605606012
IMG/14.898510148985249.jpg,14.898510148985249,19.539446055394368
IMG/14.93184014931855.jpg,14.93184014931855,19.51828150518272
IMG/14.96517014965185.jpg,14.96517014965185,19.497116954971073
IMG/14.998500149985151.jpg,14.998500149985151,19.47595240475943
IMG/15.031830150318452.jpg,15.031830150318452,19.45478785454778
IMG/15.065160150651753.jpg,15.065160150651753,19.433623304336137
IMG/15.098490150985054.jpg,15.098490150985054,19.41245875412449
IMG/15.131820151318355.jpg,15.131820151318355,19.391294203912846
IMG/15.165150151651655.jpg,15.165150151651655,19.3701296537012
IMG/15.198480151984956.jpg,15.198480151984956,19.34896510348955
IMG/15.231810152318257.jpg,15.231810152318257,19.327800553277907
IMG/15.265140152651558.jpg,15.265140152651558,19.30663600306626
IMG/15.298470152984859.jpg,15.298470152984859,19.285471452854615
IMG/15.33180015331816.jpg,15.33180015331816,19.264306902642968
IMG/15.36513015365146.jpg,15.36513015365146,19.243142352431324
IMG/15.398460153984761.jpg,15.398460153984761,19.221977802219676
IMG/15.431790154318062.jpg,15.431790154318062,19.20081325200803
IMG/15.465120154651363.jpg,15.465120154651363,19.179648701796385
IMG/15.498450154984663.jpg,15.498450154984663,19.158484151584737
IMG/15.531780155317964.jpg,15.531780155317964,19.137319601373093
IMG/15.565110155651265.jpg,15.565110155651265,19.116155051161446
IMG/15.598440155984566.jpg,15.598440155984566,19.0949905009498
IMG/15.631770156317867.jpg,15.631770156317867,19.073825950738154
IMG/15.665100156651167.jpg,15.665100156651167,19.05266140052651
IMG/15.698430156984468.jpg,15.698430156984468,19.031496850314863
IMG/15.731760157317769.jpg,15.731760157317769,19.010332300103215
IMG/15.76509015765107.jpg,15.76509015765107,18.98916774989157
IMG/15.79842015798437.jpg,15.79842015798437,18.968003199679924
IMG/15.831750158317671.jpg,15.831750158317671,18.94683864946828
IMG/15.865080158650972.jpg,15.865080158650972,18.925674099256632
IMG/15.898410158984273.jpg,15.898410158984273,18.904509549044988
IMG/15.931740159317574.jpg,15.931740159317574,18.88334499883334
IMG/15.965070159650875.jpg,15.965070159650875,18.862180448621693
IMG/15.998400159984175.jpg,15.998400159984175,18.84101589841005
IMG/16.031730160317476.jpg,16.031730160317476,18.841427857214285
IMG/16.065060160650777.jpg,16.065060160650777,18.842927707229286
IMG/16.098390160984078.jpg,16.098390160984078,18.844427557244284
IMG/16.13172016131738.jpg,16.13172016131738,18.845927407259282
IMG/16.16505016165068.jpg,16.16505016165068,18.84742725727428
IMG/16.19838016198398.jpg,16.19838016198398,18.848927107289278
IMG/16.23171016231728.jpg,16.23171016231728,18.85042695730428
IMG/16.265040162650582.jpg,16.265040162650582,18.851926807319277
IMG/16.298370162983883.jpg,16.298370162983883,18.853426657334275
IMG/16.331700163317183.jpg,16.331700163317183,18.854926507349273
IMG/16.365030163650484.jpg,16.365030163650484,18.85642635736427
IMG/16.398360163983785.jpg,16.398360163983785,18.85792620737927
IMG/16.431690164317086.jpg,16.431690164317086,18.85942605739427
IMG/16.465020164650387.jpg,16.465020164650387,18.860925907409268
IMG/16.498350164983687.jpg,16.498350164983687,18.862425757424266
IMG/16.53168016531699.jpg,16.53168016531699,18.863925607439263
IMG/16.56501016565029.jpg,16.56501016565029,18.86542545745426
IMG/16.59834016598359.jpg,16.59834016598359,18.866925307469263
IMG/16.63167016631689.jpg,16.63167016631689,18.86842515748426
IMG/16.66500016665019.jpg,16.66500016665019,18.86992500749926
IMG/16.698330166983492.jpg,16.698330166983492,18.871424857514256
IMG/16.731660167316793.jpg,16.731660167316793,18.872924707529254
IMG/16.764990167650094.jpg,16.764990167650094,18.874424557544256
IMG/16.798320167983395.jpg,16.798320167983395,18.875924407559253
IMG/16.831650168316695.jpg,16.831650168316695,18.87742425757425
IMG/16.864980168649996.jpg,16.864980168649996,18.87892410758925
IMG/16.898310168983297.jpg,16.898310168983297,18.880423957604247
IMG/16.931640169316598.jpg,16.931640169316598,18.88192380761925
IMG/16.9649701696499.jpg,16.9649701696499,18.883423657634246
IMG/16.9983001699832.jpg,16.9983001699832,18.884923507649244
IMG/17.0316301703165.jpg,17.0316301703165,18.886423357664242
IMG/17.0649601706498.jpg,17.0649601706498,18.88792320767924
IMG/17.098290170983102.jpg,17.098290170983102,18.889423057694238
IMG/17.131620171316403.jpg,17.131620171316403,18.89092290770924
IMG/17.164950171649703.jpg,17.164950171649703,18.892422757724237
IMG/17.198280171983004.jpg,17.198280171983004,18.893922607739235
IMG/17.231610172316305.jpg,17.231610172316305,18.895422457754233
IMG/17.264940172649606.jpg,17.264940172649606,18.89692230776923
IMG/17.298270172982907.jpg,17.298270172982907,18.898422157784232
IMG/17.331600173316208.jpg,17.331600173316208,18.89992200779923
IMG/17.36493017364951.jpg,17.36493017364951,18.901421857814228
IMG/17.39826017398281.jpg,17.39826017398281,18.902921707829226
IMG/17.43159017431611.jpg,17.43159017431611,18.904421557844223
IMG/17.46492017464941.jpg,17.46492017464941,18.905921407859225
IMG/17.49825017498271.jpg,17.49825017498271,18.907421257874223
IMG/17.531580175316012.jpg,17.531580175316012,18.90892110788922
IMG/17.564910175649313.jpg,17.564910175649313,18.91042095790422
IMG/17.598240175982614.jpg,17.598240175982614,18.911920807919216
IMG/17.631570176315915.jpg,17.631570176315915,18.913420657934218
IMG/17.664900176649216.jpg,17.664900176649216,18.914920507949216
IMG/17.698230176982516.jpg,17.698230176982516,18.916420357964213
IMG/17.731560177315817.jpg,17.731560177315817,18.91792020797921
IMG/17.764890177649118.jpg,17.764890177649118,18.91942005799421
IMG/17.79822017798242.jpg,17.79822017798242,18.920919908009207
IMG/17.83155017831572.jpg,17.83155017831572,18.92241975802421
IMG/17.86488017864902.jpg,17.86488017864902,18.923919608039206
IMG/17.89821017898232.jpg,17.89821017898232,18.925419458054204
IMG/17.931540179315622.jpg,17.931540179315622,18.926919308069202
IMG/17.964870179648923.jpg,17.964870179648923,18.9284191580842
IMG/17.998200179982224.jpg,17.998200179982224,18.9299190080992
IMG/18.031530180315524.jpg,18.031530180315524,18.91218544812173
IMG/18.064860180648825.jpg,18.064860180648825,18.893353997933414
IMG/18.098190180982126.jpg,18.098190180982126,18.874522547745098
IMG/18.131520181315427.jpg,18.131520181315427,18.855691097556782
IMG/18.164850181648728.jpg,18.164850181648728,18.83685964736847
IMG/18.19818018198203.jpg,18.19818018198203,18.818028197180155
IMG/18.23151018231533.jpg,18.23151018231533,18.79919674699184
IMG/18.26484018264863.jpg,18.26484018264863,18.780365296803524
IMG/18.29817018298193.jpg,18.29817018298193,18.761533846615208
IMG/18.33150018331523.jpg,18.33150018331523,18.742702396426893
IMG/18.364830183648532.jpg,18.364830183648532,18.72387094623858
IMG/18.398160183981833.jpg,18.398160183981833,18.705039496050265
IMG/18.431490184315134.jpg,18.431490184315134,18.68620804586195
IMG/18.464820184648435.jpg,18.464820184648435,18.667376595673634
IMG/18.498150184981736.jpg,18.498150184981736,18.64854514548532
IMG/18.531480185315036.jpg,18.531480185315036,18.629713695297003
IMG/18.564810185648337.jpg,18.564810185648337,18.61088224510869
IMG/18.598140185981638.jpg,18.598140185981638,18.592050794920375
IMG/18.63147018631494.jpg,18.63147018631494,18.57321934473206
IMG/18.66480018664824.jpg,18.66480018664824,18.554387894543744
IMG/18.69813018698154.jpg,18.69813018698154,18.53555644435543
IMG/18.73146018731484.jpg,18.73146018731484,18.516724994167113
IMG/18.764790187648142.jpg,18.764790187648142,18.4978935439788
IMG/18.798120187981443.jpg,18.798120187981443,18.479062093790485
IMG/18.831450188314744.jpg,18.831450188314744,18.46023064360217
IMG/18.864780188648044.jpg,18.864780188648044,18.441399193413854
IMG/18.898110188981345.jpg,18.898110188981345,18.42256774322554
IMG/18.931440189314646.jpg,18.931440189314646,18.403736293037227
IMG/18.964770189647947.jpg,18.964770189647947,18.38490484284891
IMG/18.998100189981248.jpg,18.998100189981248,18.366073392660596
IMG/19.03143019031455.jpg,19.03143019031455,18.34724194247228
IMG/19.06476019064785.jpg,19.06476019064785,18.328410492283965
IMG/19.09809019098115.jpg,19.09809019098115,18.30957904209565
IMG/19.13142019131445.jpg,19.13142019131445,18.290747591907337
IMG/19.16475019164775.jpg,19.16475019164775,18.27191614171902
IMG/19.198080191981052.jpg,19.198080191981052,18.253084691530706
IMG/19.231410192314353.jpg,19.231410192314353,18.23425324134239
IMG/19.264740192647654.jpg,19.264740192647654,18.215421791154075
IMG/19.298070192980955.jpg,19.298070192980955,18.19659034096576
IMG/19.331400193314256.jpg,19.331400193314256,18.177758890777447
IMG/19.364730193647556.jpg,19.364730193647556,18.15892744058913
IMG/19.398060193980857.jpg,19.398060193980857,18.140095990400816
IMG/19.431390194314158.jpg,19.431390194314158,18.1212645402125
IMG/19.46472019464746.jpg,19.46472019464746,18.102433090024185
IMG/19.49805019498076.jpg,19.49805019498076,18.08360163983587
IMG/19.53138019531406.jpg,19.53138019531406,18.064770189647557
IMG/19.56471019564736.jpg,19.56471019564736,18.045938739459242
IMG/19.598040195980662.jpg,19.598040195980662,18.027107289270926
IMG/19.631370196313963.jpg,19.631370196313963,18.00827583908261
IMG/19.664700196647264.jpg,19.664700196647264,17.989444388894295
IMG/19.698030196980564.jpg,19.698030196980564,17.970612938705983
IMG/19.731360197313865.jpg,19.731360197313865,17.951781488517668
IMG/19.764690197647166.jpg,19.764690197647166,17.932950038329352
IMG/19.798020197980467.jpg,19.798020197980467,17.914118588141037
IMG/19.831350198313768.jpg,19.831350198313768,17.89528713795272
IMG/19.86468019864707.jpg,19.86468019864707,17.876455687764405
IMG/19.89801019898037.jpg,19.89801019898037,17.857624237576093
IMG/19.93134019931367.jpg,19.93134019931367,17.838792787387778
IMG/19.96467019964697.jpg,19.96467019964697,17.819961337199462
IMG/19.99800019998027.jpg,19.99800019998027,17.801129887011147
IMG/20.031330200313572.jpg,20.031330200313572,17.81472519414738
IMG/20.064660200646873.jpg,20.064660200646873,17.83039029430403
IMG/20.097990200980174.jpg,20.097990200980174,17.84605539446068
IMG/20.131320201313475.jpg,20.131320201313475,17.861720494617334
IMG/20.164650201646776.jpg,20.164650201646776,17.877385594773987
IMG/20.197980201980076.jpg,20.197980201980076,17.893050694930636
IMG/20.231310202313377.jpg,20.231310202313377,17.90871579508729
IMG/20.264640202646678.jpg,20.264640202646678,17.92438089524394
IMG/20.29797020297998.jpg,20.29797020297998,17.94004599540059
IMG/20.33130020331328.jpg,20.33130020331328,17.95571109555724
IMG/20.36463020364658.jpg,20.36463020364658,17.971376195713894
IMG/20.39796020397988.jpg,20.39796020397988,17.987041295870544
IMG/20.431290204313182.jpg,20.431290204313182,18.002706396027197
IMG/20.464620204646483.jpg,20.464620204646483,18.018371496183846
IMG/20.497950204979784.jpg,20.497950204979784,18.0340365963405
IMG/20.531280205313085.jpg,20.531280205313085,18.04970169649715
IMG/20.564610205646385.jpg,20.564610205646385,18.0653667966538
IMG/20.597940205979686.jpg,20.597940205979686,18.08103189681045
IMG/20.631270206312987.jpg,20.631270206312987,18.096696996967104
IMG/20.664600206646288.jpg,20.664600206646288,18.112362097123754
IMG/20.69793020697959.jpg,20.69793020697959,18.128027197280407
IMG/20.73126020731289.jpg,20.73126020731289,18.14369229743706
IMG/20.76459020764619.jpg,20.76459020764619,18.15935739759371
IMG/20.79792020797949.jpg,20.79792020797949,18.175022497750362
IMG/20.83125020831279.jpg,20.83125020831279,18.19068759790701
IMG/20.864580208646093.jpg,20.864580208646093,18.206352698063665
IMG/20.897910208979393.jpg,20.897910208979393,18.222017798220314
IMG/20.931240209312694.jpg,20.931240209312694,18.237682898376967
IMG/20.964570209645995.jpg,20.964570209645995,18.253347998533616
IMG/20.997900209979296.jpg,20.997900209979296,18.26901309869027
IMG/21.031230210312597.jpg,21.031230210312597,18.28467819884692
IMG/21.064560210645897.jpg,21.064560210645897,18.300343299003572
IMG/21.097890210979198.jpg,21.097890210979198,18.31600839916022
IMG/21.1312202113125.jpg,21.1312202113125,18.331673499316874
IMG/21.1645502116458.jpg,21.1645502116458,18.347338599473524
IMG/21.1978802119791.jpg,21.1978802119791,18.363003699630177
IMG/21.2312102123124.jpg,21.2312102123124,18.378668799786826
IMG/21.264540212645702.jpg,21.264540212645702,18.39433389994348
IMG/21.297870212979003.jpg,21.297870212979003,18.40999900010013
IMG/21.331200213312304.jpg,21.331200213312304,18.425664100256782
IMG/21.364530213645605.jpg,21.364530213645605,18.441329200413435
IMG/21.397860213978905.jpg,21.397860213978905,18.456994300570084
IMG/21.431190214312206.jpg,21.431190214312206,18.472659400726737
IMG/21.464520214645507.jpg,21.464520214645507,18.488324500883387
IMG/21.497850214978808.jpg,21.497850214978808,18.50398960104004
IMG/21.53118021531211.jpg,21.53118021531211,18.51965470119669
IMG/21.56451021564541.jpg,21.56451021564541,18.535319801353342
IMG/21.59784021597871.jpg,21.59784021597871,18.55098490150999
IMG/21.63117021631201.jpg,21.63117021631201,18.566650001666645
IMG/21.664500216645312.jpg,21.664500216645312,18.582315101823294
IMG/21.697830216978613.jpg,21.697830216978613,18.597980201979947
IMG/21.731160217311913.jpg,21.731160217311913,18.613645302136597
IMG/21.764490217645214.jpg,21.764490217645214,18.62931040229325
IMG/21.797820217978515.jpg,21.797820217978515,18.6449755024499
IMG/21.831150218311816.jpg,21.831150218311816,18.660640602606552
IMG/21.864480218645117.jpg,21.864480218645117,18.6763057027632
IMG/21.897810218978417.jpg,21.897810218978417,18.691970802919855
IMG/21.931140219311718.jpg,21.931140219311718,18.707635903076508
IMG/21.96447021964502.jpg,21.96447021964502,18.723301003233157
IMG/21.99780021997832.jpg,21.99780021997832,18.73896610338981
IMG/22.03113022031162.jpg,22.03113022031162,18.74731560177323
IMG/22.06446022064492.jpg,22.06446022064492,18.755148151851554
IMG/22.097790220978222.jpg,22.097790220978222,18.76298070192988
IMG/22.131120221311523.jpg,22.131120221311523,18.770813252008207
IMG/22.164450221644824.jpg,22.164450221644824,18.778645802086533
IMG/22.197780221978125.jpg,22.197780221978125,18.78647835216486
IMG/22.231110222311425.jpg,22.231110222311425,18.794310902243183
IMG/22.264440222644726.jpg,22.264440222644726,18.80214345232151
IMG/22.297770222978027.jpg,22.297770222978027,18.809976002399836
IMG/22.331100223311328.jpg,22.331100223311328,18.817808552478162
IMG/22.36443022364463.jpg,22.36443022364463,18.825641102556485
IMG/22.39776022397793.jpg,22.39776022397793,18.83347365263481
IMG/22.43109022431123.jpg,22.43109022431123,18.841306202713138
IMG/22.46442022464453.jpg,22.46442022464453,18.849138752791465
IMG/22.497750224977832.jpg,22.497750224977832,18.85697130286979
IMG/22.531080225311133.jpg,22.531080225311133,18.864803852948114
IMG/22.564410225644433.jpg,22.564410225644433,18.87263640302644
IMG/22.597740225977734.jpg,22.597740225977734,18.880468953104767
IMG/22.631070226311035.jpg,22.631070226311035,18.888301503183094
IMG/22.664400226644336.jpg,22.664400226644336,18.896134053261417
IMG/22.697730226977637.jpg,22.697730226977637,18.903966603339743
IMG/22.731060227310937.jpg,22.731060227310937,18.91179915341807
IMG/22.76439022764424.jpg,22.76439022764424,18.919631703496396
IMG/22.79772022797754.jpg,22.79772022797754,18.927464253574723
IMG/22.83105022831084.jpg,22.83105022831084,18.935296803653046
IMG/22.86438022864414.jpg,22.86438022864414,18.943129353731372
IMG/22.89771022897744.jpg,22.89771022897744,18.9509619038097
IMG/22.931040229310742.jpg,22.931040229310742,18.958794453888025
IMG/22.964370229644043.jpg,22.964370229644043,18.966627003966348
IMG/22.997700229977344.jpg,22.997700229977344,18.974459554044675
IMG/23.031030230310645.jpg,23.031030230310645,18.982292104123
IMG/23.064360230643945.jpg,23.064360230643945,18.990124654201328
IMG/23.097690230977246.jpg,23.097690230977246,18.997957204279654
IMG/23.131020231310547.jpg,23.131020231310547,19.005789754357977
IMG/23.164350231643848.jpg,23.164350231643848,19.013622304436304
IMG/23.19768023197715.jpg,23.19768023197715,19.02145485451463
IMG/23.23101023231045.jpg,23.23101023231045,19.029287404592957
IMG/23.26434023264375.jpg,23.26434023264375,19.037119954671283
IMG/23.29767023297705.jpg,23.29767023297705,19.044952504749606
IMG/23.331000233310352.jpg,23.331000233310352,19.052785054827932
IMG/23.364330233643653.jpg,23.364330233643653,19.06061760490626
IMG/23.397660233976953.jpg,23.397660233976953,19.068450154984586
IMG/23.430990234310254.jpg,23.430990234310254,19.07628270506291
IMG/23.464320234643555.jpg,23.464320234643555,19.084115255141235
IMG/23.497650234976856.jpg,23.497650234976856,19.09194780521956
IMG/23.530980235310157.jpg,23.530980235310157,19.099780355297888
IMG/23.564310235643458.jpg,23.564310235643458,19.107612905376214
IMG/23.59764023597676.jpg,23.59764023597676,19.115445455454537
IMG/23.63097023631006.jpg,23.63097023631006,19.123278005532864
IMG/23.66430023664336.jpg,23.66430023664336,19.13111055561119
IMG/23.69763023697666.jpg,23.69763023697666,19.138943105689517
IMG/23.73096023730996.jpg,23.73096023730996,19.14677565576784
IMG/23.764290237643262.jpg,23.764290237643262,19.154608205846166
IMG/23.797620237976563.jpg,23.797620237976563,19.162440755924493
IMG/23.830950238309864.jpg,23.830950238309864,19.17027330600282
IMG/23.864280238643165.jpg,23.864280238643165,19.178105856081146
IMG/23.897610238976466.jpg,23.897610238976466,19.18593840615947
IMG/23.930940239309766.jpg,23.930940239309766,19.193770956237795
IMG/23.964270239643067.jpg,23.964270239643067,19.201603506316122
IMG/23.997600239976368.jpg,23.997600239976368,19.20943605639445
IMG/24.03093024030967.jpg,24.03093024030967,19.205205812752002
IMG/24.06426024064297.jpg,24.06426024064297,19.20003966270034
IMG/24.09759024097627.jpg,24.09759024097627,19.19487351264868
IMG/24.13092024130957.jpg,24.13092024130957,19.189707362597016
IMG/24.164250241642872.jpg,24.164250241642872,19.184541212545355
IMG/24.197580241976173.jpg,24.197580241976173,19.179375062493694
IMG/24.230910242309474.jpg,24.230910242309474,19.174208912442033
IMG/24.264240242642774.jpg,24.264240242642774,19.16904276239037
IMG/24.297570242976075.jpg,24.297570242976075,19.163876612338708
IMG/24.330900243309376.jpg,24.330900243309376,19.158710462287047
IMG/24.364230243642677.jpg,24.364230243642677,19.153544312235386
IMG/24.397560243975978.jpg,24.397560243975978,19.148378162183725
IMG/24.43089024430928.jpg,24.43089024430928,19.14321201213206
IMG/24.46422024464258.jpg,24.46422024464258,19.1380458620804
IMG/24.49755024497588.jpg,24.49755024497588,19.13287971202874
IMG/24.53088024530918.jpg,24.53088024530918,19.127713561977078
IMG/24.56421024564248.jpg,24.56421024564248,19.122547411925417
IMG/24.597540245975782.jpg,24.597540245975782,19.117381261873753
IMG/24.630870246309083.jpg,24.630870246309083,19.112215111822092
IMG/24.664200246642384.jpg,24.664200246642384,19.10704896177043
IMG/24.697530246975685.jpg,24.697530246975685,19.10188281171877
IMG/24.730860247308986.jpg,24.730860247308986,19.096716661667106
IMG/24.764190247642286.jpg,24.764190247642286,19.091550511615445
IMG/24.797520247975587.jpg,24.797520247975587,19.086384361563784
IMG/24.830850248308888.jpg,24.830850248308888,19.081218211512123
IMG/24.86418024864219.jpg,24.86418024864219,19.076052061460462
IMG/24.89751024897549.jpg,24.89751024897549,19.070885911408798
IMG/24.93084024930879.jpg,24.93084024930879,19.065719761357137
IMG/24.96417024964209.jpg,24.96417024964209,19.060553611305476
IMG/24.997500249975392.jpg,24.997500249975392,19.055387461253815
IMG/25.030830250308693.jpg,25.030830250308693,19.05022131120215
IMG/25.064160250641994.jpg,25.064160250641994,19.04505516115049
IMG/25.097490250975294.jpg,25.097490250975294,19.03988901109883
IMG/25.130820251308595.jpg,25.130820251308595,19.034722861047168
IMG/25.164150251641896.jpg,25.164150251641896,19.029556710995507
IMG/25.197480251975197.jpg,25.197480251975197,19.024390560943843
IMG/25.230810252308498.jpg,25.230810252308498,19.019224410892182
IMG/25.2641402526418.jpg,25.2641402526418,19.01405826084052
IMG/25.2974702529751.jpg,25.2974702529751,19.00889211078886
IMG/25.3308002533084.jpg,25.3308002533084,19.003725960737196
IMG/25.3641302536417.jpg,25.3641302536417,18.998559810685535
IMG/25.397460253975.jpg,25.397460253975,18.993393660633874
IMG/25.430790254308302.jpg,25.430790254308302,18.988227510582213
IMG/25.464120254641603.jpg,25.464120254641603,18.983061360530552
IMG/25.497450254974904.jpg,25.497450254974904,18.977895210478888
IMG/25.530780255308205.jpg,25.530780255308205,18.972729060427227
IMG/25.564110255641506.jpg,25.564110255641506,18.967562910375566
IMG/25.597440255974806.jpg,25.597440255974806,18.962396760323905
IMG/25.630770256308107.jpg,25.630770256308107,18.95723061027224
IMG/25.664100256641408.jpg,25.664100256641408,18.95206446022058
IMG/25.69743025697471.jpg,25.69743025697471,18.94689831016892
IMG/25.73076025730801.jpg,25.73076025730801,18.941732160117258
IMG/25.76409025764131.jpg,25.76409025764131,18.936566010065597
IMG/25.79742025797461.jpg,25.79742025797461,18.931399860013933
IMG/25.830750258307912.jpg,25.830750258307912,18.926233709962272
IMG/25.864080258641213.jpg,25.864080258641213,18.92106755991061
IMG/25.897410258974514.jpg,25.897410258974514,18.91590140985895
IMG/25.930740259307814.jpg,25.930740259307814,18.910735259807286
IMG/25.964070259641115.jpg,25.964070259641115,18.905569109755625
IMG/25.997400259974416.jpg,25.997400259974416,18.900402959703964
IMG/26.030730260307717.jpg,26.030730260307717,18.910755591107698
IMG/26.064060260641018.jpg,26.064060260641018,18.922421091224354
IMG/26.09739026097432.jpg,26.09739026097432,18.93408659134101
IMG/26.13072026130762.jpg,26.13072026130762,18.945752091457667
IMG/26.16405026164092.jpg,26.16405026164092,18.95741759157432
IMG/26.19738026197422.jpg,26.19738026197422,18.969083091690976
IMG/26.23071026230752.jpg,26.23071026230752,18.980748591807632
IMG/26.264040262640822.jpg,26.264040262640822,18.992414091924285
IMG/26.297370262974123.jpg,26.297370262974123,19.00407959204094
IMG/26.330700263307424.jpg,26.330700263307424,19.015745092157598
IMG/26.364030263640725.jpg,26.364030263640725,19.027410592274254
IMG/26.397360263974026.jpg,26.397360263974026,19.039076092390907
IMG/26.430690264307326.jpg,26.430690264307326,19.050741592507563
IMG/26.464020264640627.jpg,26.464020264640627,19.06240709262422
IMG/26.497350264973928.jpg,26.497350264973928,19.074072592740873
IMG/26.53068026530723.jpg,26.53068026530723,19.08573809285753
IMG/26.56401026564053.jpg,26.56401026564053,19.097403592974185
IMG/26.59734026597383.jpg,26.59734026597383,19.10906909309084
IMG/26.63067026630713.jpg,26.63067026630713,19.120734593207494
IMG/26.664000266640432.jpg,26.664000266640432,19.13240009332415
IMG/26.697330266973733.jpg,26.697330266973733,19.144065593440807
IMG/26.730660267307034.jpg,26.730660267307034,19.15573109355746
IMG/26.763990267640335.jpg,26.763990267640335,19.167396593674116
IMG/26.797320267973635.jpg,26.797320267973635,19.179062093790773
IMG/26.830650268306936.jpg,26.830650268306936,19.19072759390743
IMG/26.863980268640237.jpg,26.863980268640237,19.20239309402408
IMG/26.897310268973538.jpg,26.897310268973538,19.214058594140738
IMG/26.93064026930684.jpg,26.93064026930684,19.225724094257394
IMG/26.96397026964014.jpg,26.96397026964014,19.237389594374047
IMG/26.99730026997344.jpg,26.99730026997344,19.249055094490704
IMG/27.03063027030674.jpg,27.03063027030674,19.26072059460736
IMG/27.06396027064004.jpg,27.06396027064004,19.272386094724016
IMG/27.097290270973343.jpg,27.097290270973343,19.28405159484067
IMG/27.130620271306643.jpg,27.130620271306643,19.295717094957325
IMG/27.163950271639944.jpg,27.163950271639944,19.30738259507398
IMG/27.197280271973245.jpg,27.197280271973245,19.319048095190634
IMG/27.230610272306546.jpg,27.230610272306546,19.33071359530729
IMG/27.263940272639847.jpg,27.263940272639847,19.342379095423947
IMG/27.297270272973147.jpg,27.297270272973147,19.354044595540604
IMG/27.330600273306448.jpg,27.330600273306448,19.365710095657256
IMG/27.36393027363975.jpg,27.36393027363975,19.377375595773913
IMG/27.39726027397305.jpg,27.39726027397305,19.38904109589057
IMG/27.43059027430635.jpg,27.43059027430635,19.400706596007222
IMG/27.46392027463965.jpg,27.46392027463965,19.412372096123878
IMG/27.497250274972952.jpg,27.497250274972952,19.424037596240534
IMG/27.530580275306253.jpg,27.530580275306253,19.43570309635719
IMG/27.563910275639554.jpg,27.563910275639554,19.447368596473844
IMG/27.597240275972855.jpg,27.597240275972855,19.4590340965905
IMG/27.630570276306155.jpg,27.630570276306155,19.470699596707156
IMG/27.663900276639456.jpg,27.663900276639456,19.48236509682381
IMG/27.697230276972757.jpg,27.697230276972757,19.494030596940465
IMG/27.730560277306058.jpg,27.730560277306058,19.505696097057122
IMG/27.76389027763936.jpg,27.76389027763936,19.517361597173778
IMG/27.79722027797266.jpg,27.79722027797266,19.52902709729043
IMG/27.83055027830596.jpg,27.83055027830596,19.540692597407087
IMG/27.86388027863926.jpg,27.86388027863926,19.552358097523744
IMG/27.897210278972562.jpg,27.897210278972562,19.564023597640396
IMG/27.930540279305863.jpg,27.930540279305863,19.575689097757053
IMG/27.963870279639163.jpg,27.963870279639163,19.58735459787371
IMG/27.997200279972464.jpg,27.997200279972464,19.599020097990365
IMG/28.030530280305765.jpg,28.030530280305765,19.57801819817985
IMG/28.063860280639066.jpg,28.063860280639066,19.554020597939875
IMG/28.097190280972367.jpg,28.097190280972367,19.5300229976999
IMG/28.130520281305667.jpg,28.130520281305667,19.506025397459922
IMG/28.163850281638968.jpg,28.163850281638968,19.482027797219946
IMG/28.19718028197227.jpg,28.19718028197227,19.45803019697997
IMG/28.23051028230557.jpg,28.23051028230557,19.434032596739993
IMG/28.26384028263887.jpg,28.26384028263887,19.410034996500013
IMG/28.29717028297217.jpg,28.29717028297217,19.386037396260036
IMG/28.330500283305472.jpg,28.330500283305472,19.36203979602006
IMG/28.363830283638773.jpg,28.363830283638773,19.338042195780083
IMG/28.397160283972074.jpg,28.397160283972074,19.314044595540107
IMG/28.430490284305375.jpg,28.430490284305375,19.29004699530013
IMG/28.463820284638675.jpg,28.463820284638675,19.266049395060154
IMG/28.497150284971976.jpg,28.497150284971976,19.242051794820178
IMG/28.530480285305277.jpg,28.530480285305277,19.2180541945802
IMG/28.563810285638578.jpg,28.563810285638578,19.194056594340225
IMG/28.59714028597188.jpg,28.59714028597188,19.17005899410025
IMG/28.63047028630518.jpg,28.63047028630518,19.146061393860272
IMG/28.66380028663848.jpg,28.66380028663848,19.122063793620296
IMG/28.69713028697178.jpg,28.69713028697178,19.09806619338032
IMG/28.730460287305082.jpg,28.730460287305082,19.074068593140343
IMG/28.763790287638383.jpg,28.763790287638383,19.050070992900366
IMG/28.797120287971683.jpg,28.797120287971683,19.02607339266039
IMG/28.830450288304984.jpg,28.830450288304984,19.002075792420413
IMG/28.863780288638285.jpg,28.863780288638285,18.978078192180437
IMG/28.897110288971586.jpg,28.897110288971586,18.95408059194046
IMG/28.930440289304887.jpg,28.930440289304887,18.930082991700484
IMG/28.963770289638187.jpg,28.963770289638187,18.906085391460508
IMG/28.99710028997149.jpg,28.99710028997149,18.882087791220528
IMG/29.03043029030479.jpg,29.03043029030479,18.85809019098055
IMG/29.06376029063809.jpg,29.06376029063809,18.834092590740575
IMG/29.09709029097139.jpg,29.09709029097139,18.8100949905006
IMG/29.13042029130469.jpg,29.13042029130469,18.786097390260622
IMG/29.163750291637992.jpg,29.163750291637992,18.762099790020645
IMG/29.197080291971293.jpg,29.197080291971293,18.73810218978067
IMG/29.230410292304594.jpg,29.230410292304594,18.714104589540693
IMG/29.263740292637895.jpg,29.263740292637895,18.690106989300716
IMG/29.297070292971195.jpg,29.297070292971195,18.66610938906074
IMG/29.330400293304496.jpg,29.330400293304496,18.642111788820763
IMG/29.363730293637797.jpg,29.363730293637797,18.618114188580787
IMG/29.397060293971098.jpg,29.397060293971098,18.59411658834081
IMG/29.4303902943044.jpg,29.4303902943044,18.570118988100834
IMG/29.4637202946377.jpg,29.4637202946377,18.546121387860858
IMG/29.497050294971.jpg,29.497050294971,18.52212378762088
IMG/29.5303802953043.jpg,29.5303802953043,18.498126187380905
IMG/29.563710295637602.jpg,29.563710295637602,18.474128587140928
IMG/29.597040295970903.jpg,29.597040295970903,18.45013098690095
IMG/29.630370296304203.jpg,29.630370296304203,18.426133386660975
IMG/29.663700296637504.jpg,29.663700296637504,18.402135786421
IMG/29.697030296970805.jpg,29.697030296970805,18.37813818618102
IMG/29.730360297304106.jpg,29.730360297304106,18.354140585941042
IMG/29.763690297637407.jpg,29.763690297637407,18.330142985701066
IMG/29.797020297970708.jpg,29.797020297970708,18.30614538546109
IMG/29.83035029830401.jpg,29.83035029830401,18.282147785221113
IMG/29.86368029863731.jpg,29.86368029863731,18.258150184981137
IMG/29.89701029897061.jpg,29.89701029897061,18.23415258474116
IMG/29.93034029930391.jpg,29.93034029930391,18.210154984501184
IMG/29.96367029963721.jpg,29.96367029963721,18.186157384261207
IMG/29.997000299970512.jpg,29.997000299970512,18.16215978402123
IMG/30.030330300303813.jpg,30.030330300303813,18.183354331233936
IMG/30.063660300637114.jpg,30.063660300637114,18.209018431490577
IMG/30.096990300970415.jpg,30.096990300970415,18.234682531747218
IMG/30.130320301303716.jpg,30.130320301303716,18.260346632003863
IMG/30.163650301637016.jpg,30.163650301637016,18.286010732260504
IMG/30.196980301970317.jpg,30.196980301970317,18.311674832517145
IMG/30.230310302303618.jpg,30.230310302303618,18.337338932773786
IMG/30.26364030263692.jpg,30.26364030263692,18.363003033030427
IMG/30.29697030297022.jpg,30.29697030297022,18.38866713328707
IMG/30.33030030330352.jpg,30.33030030330352,18.41433123354371
IMG/30.36363030363682.jpg,30.36363030363682,18.43999533380035
IMG/30.396960303970122.jpg,30.396960303970122,18.465659434056995
IMG/30.430290304303423.jpg,30.430290304303423,18.491323534313636
IMG/30.463620304636724.jpg,30.463620304636724,18.516987634570278
IMG/30.496950304970024.jpg,30.496950304970024,18.54265173482692
IMG/30.530280305303325.jpg,30.530280305303325,18.56831583508356
IMG/30.563610305636626.jpg,30.563610305636626,18.5939799353402
IMG/30.596940305969927.jpg,30.596940305969927,18.619644035596842
IMG/30.630270306303228.jpg,30.630270306303228,18.645308135853487
IMG/30.66360030663653.jpg,30.66360030663653,18.670972236110128
IMG/30.69693030696983.jpg,30.69693030696983,18.69663633636677
IMG/30.73026030730313.jpg,30.73026030730313,18.72230043662341
IMG/30.76359030763643.jpg,30.76359030763643,18.74796453688005
IMG/30.79692030796973.jpg,30.79692030796973,18.773628637136692
IMG/30.830250308303032.jpg,30.830250308303032,18.799292737393333
IMG/30.863580308636333.jpg,30.863580308636333,18.824956837649978
IMG/30.896910308969634.jpg,30.896910308969634,18.85062093790662
IMG/30.930240309302935.jpg,30.930240309302935,18.87628503816326
IMG/30.963570309636236.jpg,30.963570309636236,18.9019491384199
IMG/30.996900309969536.jpg,30.996900309969536,18.927613238676543
IMG/31.030230310302837.jpg,31.030230310302837,18.953277338933184
IMG/31.063560310636138.jpg,31.063560310636138,18.978941439189825
IMG/31.09689031096944.jpg,31.09689031096944,19.004605539446466
IMG/31.13022031130274.jpg,31.13022031130274,19.03026963970311
IMG/31.16355031163604.jpg,31.16355031163604,19.05593373995975
IMG/31.19688031196934.jpg,31.19688031196934,19.081597840216393
IMG/31.230210312302642.jpg,31.230210312302642,19.107261940473034
IMG/31.263540312635943.jpg,31.263540312635943,19.132926040729675
IMG/31.296870312969244.jpg,31.296870312969244,19.158590140986316
IMG/31.330200313302544.jpg,31.330200313302544,19.184254241242957
IMG/31.363530313635845.jpg,31.363530313635845,19.209918341499602
IMG/31.396860313969146.jpg,31.396860313969146,19.235582441756243
IMG/31.430190314302447.jpg,31.430190314302447,19.261246542012884
IMG/31.463520314635748.jpg,31.463520314635748,19.286910642269525
IMG/31.49685031496905.jpg,31.49685031496905,19.312574742526166
IMG/31.53018031530235.jpg,31.53018031530235,19.338238842782808
IMG/31.56351031563565.jpg,31.56351031563565,19.36390294303945
IMG/31.59684031596895.jpg,31.59684031596895,19.38956704329609
IMG/31.63017031630225.jpg,31.63017031630225,19.415231143552734
IMG/31.663500316635552.jpg,31.663500316635552,19.440895243809376
IMG/31.696830316968853.jpg,31.696830316968853,19.466559344066017
IMG/31.730160317302154.jpg,31.730160317302154,19.492223444322658
IMG/31.763490317635455.jpg,31.763490317635455,19.5178875445793
IMG/31.796820317968756.jpg,31.796820317968756,19.54355164483594
IMG/31.830150318302056.jpg,31.830150318302056,19.56921574509258
IMG/31.863480318635357.jpg,31.863480318635357,19.594879845349226
IMG/31.896810318968658.jpg,31.896810318968658,19.620543945605867
IMG/31.93014031930196.jpg,31.93014031930196,19.646208045862508
IMG/31.96347031963526.jpg,31.96347031963526,19.67187214611915
IMG/31.99680031996856.jpg,31.99680031996856,19.69753624637579
IMG/32.03013032030186.jpg,32.03013032030186,19.695028497150194
IMG/32.06346032063516.jpg,32.06346032063516,19.6895290470952
IMG/32.09679032096846.jpg,32.09679032096846,19.684029597040205
IMG/32.13012032130176.jpg,32.13012032130176,19.67853014698521
IMG/32.16345032163506.jpg,32.16345032163506,19.673030696930216
IMG/32.19678032196836.jpg,32.19678032196836,19.66753124687522
IMG/32.23011032230166.jpg,32.23011032230166,19.662031796820227
IMG/32.26344032263496.jpg,32.26344032263496,19.656532346765232
IMG/32.296770322968264.jpg,32.296770322968264,19.651032896710237
IMG/32.330100323301565.jpg,32.330100323301565,19.645533446655243
IMG/32.363430323634866.jpg,32.363430323634866,19.64003399660025
IMG/32.39676032396817.jpg,32.39676032396817,19.634534546545254
IMG/32.43009032430147.jpg,32.43009032430147,19.629035096490256
IMG/32.46342032463477.jpg,32.46342032463477,19.62353564643526
IMG/32.49675032496807.jpg,32.49675032496807,19.618036196380267
IMG/32.53008032530137.jpg,32.53008032530137,19.612536746325272
IMG/32.56341032563467.jpg,32.56341032563467,19.607037296270278
IMG/32.59674032596797.jpg,32.59674032596797,19.601537846215283
IMG/32.63007032630127.jpg,32.63007032630127,19.59603839616029
IMG/32.66340032663457.jpg,32.66340032663457,19.590538946105294
IMG/32.696730326967874.jpg,32.696730326967874,19.5850394960503
IMG/32.730060327301175.jpg,32.730060327301175,19.579540045995305
IMG/32.763390327634475.jpg,32.763390327634475,19.57404059594031
IMG/32.796720327967776.jpg,32.796720327967776,19.568541145885316
IMG/32.83005032830108.jpg,32.83005032830108,19.56304169583032
IMG/32.86338032863438.jpg,32.86338032863438,19.557542245775327
IMG/32.89671032896768.jpg,32.89671032896768,19.552042795720332
IMG/32.93004032930098.jpg,32.93004032930098,19.546543345665338
IMG/32.96337032963428.jpg,32.96337032963428,19.541043895610343
IMG/32.99670032996758.jpg,32.99670032996758,19.53554444555535
IMG/33.03003033030088.jpg,33.03003033030088,19.530044995500354
IMG/33.06336033063418.jpg,33.06336033063418,19.52454554544536
IMG/33.09669033096748.jpg,33.09669033096748,19.519046095390365
IMG/33.130020331300784.jpg,33.130020331300784,19.51354664533537
IMG/33.163350331634085.jpg,33.163350331634085,19.508047195280376
IMG/33.196680331967386.jpg,33.196680331967386,19.50254774522538
IMG/33.23001033230069.jpg,33.23001033230069,19.497048295170387
IMG/33.26334033263399.jpg,33.26334033263399,19.491548845115393
IMG/33.29667033296729.jpg,33.29667033296729,19.486049395060398
IMG/33.33000033330059.jpg,33.33000033330059,19.480549945005404
IMG/33.36333033363389.jpg,33.36333033363389,19.47505049495041
IMG/33.39666033396719.jpg,33.39666033396719,19.469551044895415
IMG/33.42999033430049.jpg,33.42999033430049,19.46405159484042
IMG/33.46332033463379.jpg,33.46332033463379,19.458552144785425
IMG/33.49665033496709.jpg,33.49665033496709,19.45305269473043
IMG/33.529980335300394.jpg,33.529980335300394,19.447553244675436
IMG/33.563310335633695.jpg,33.563310335633695,19.442053794620442
IMG/33.596640335966995.jpg,33.596640335966995,19.436554344565447
IMG/33.629970336300296.jpg,33.629970336300296,19.431054894510453
IMG/33.6633003366336.jpg,33.6633003366336,19.42555544445546
IMG/33.6966303369669.jpg,33.6966303369669,19.420055994400464
IMG/33.7299603373002.jpg,33.7299603373002,19.41455654434547
IMG/33.7632903376335.jpg,33.7632903376335,19.409057094290475
IMG/33.7966203379668.jpg,33.7966203379668,19.40355764423548
IMG/33.8299503383001.jpg,33.8299503383001,19.398058194180486
IMG/33.8632803386334.jpg,33.8632803386334,19.39255874412549
IMG/33.8966103389667.jpg,33.8966103389667,19.387059294070497
IMG/33.9299403393.jpg,33.9299403393,19.3815598440155
IMG/33.963270339633304.jpg,33.963270339633304,19.376060393960504
IMG/33.996600339966605.jpg,33.996600339966605,19.37056094390551
IMG/34.029930340299906.jpg,34.029930340299906,19.372993034029992
IMG/34.06326034063321.jpg,34.06326034063321,19.37632603406332
IMG/34.09659034096651.jpg,34.09659034096651,19.37965903409665
IMG/34.12992034129981.jpg,34.12992034129981,19.38299203412998
IMG/34.16325034163311.jpg,34.16325034163311,19.386325034163313
IMG/34.19658034196641.jpg,34.19658034196641,19.389658034196643
IMG/34.22991034229971.jpg,34.22991034229971,19.392991034229972
IMG/34.26324034263301.jpg,34.26324034263301,19.3963240342633
IMG/34.29657034296631.jpg,34.29657034296631,19.39965703429663
IMG/34.32990034329961.jpg,34.32990034329961,19.402990034329964
IMG/34.363230343632914.jpg,34.363230343632914,19.406323034363293
IMG/34.396560343966215.jpg,34.396560343966215,19.409656034396622
IMG/34.429890344299515.jpg,34.429890344299515,19.412989034429952
IMG/34.463220344632816.jpg,34.463220344632816,19.41632203446328
IMG/34.49655034496612.jpg,34.49655034496612,19.419655034496614
IMG/34.52988034529942.jpg,34.52988034529942,19.422988034529943
IMG/34.56321034563272.jpg,34.56321034563272,19.426321034563273
IMG/34.59654034596602.jpg,34.59654034596602,19.429654034596602
IMG/34.62987034629932.jpg,34.62987034629932,19.43298703462993
IMG/34.66320034663262.jpg,34.66320034663262,19.436320034663265
IMG/34.69653034696592.jpg,34.69653034696592,19.439653034696594
IMG/34.72986034729922.jpg,34.72986034729922,19.442986034729923
IMG/34.76319034763252.jpg,34.76319034763252,19.446319034763253
IMG/34.796520347965824.jpg,34.796520347965824,19.449652034796582
IMG/34.829850348299125.jpg,34.829850348299125,19.452985034829915
IMG/34.863180348632426.jpg,34.863180348632426,19.456318034863244
IMG/34.89651034896573.jpg,34.89651034896573,19.459651034896574
IMG/34.92984034929903.jpg,34.92984034929903,19.462984034929903
IMG/34.96317034963233.jpg,34.96317034963233,19.466317034963232
IMG/34.99650034996563.jpg,34.99650034996563,19.46965003499656
IMG/35.02983035029893.jpg,35.02983035029893,19.472983035029895
IMG/35.06316035063223.jpg,35.06316035063223,19.476316035063224
IMG/35.09649035096553.jpg,35.09649035096553,19.479649035096553
IMG/35.12982035129883.jpg,35.12982035129883,19.482982035129883
IMG/35.16315035163213.jpg,35.16315035163213,19.486315035163212
IMG/35.196480351965434.jpg,35.196480351965434,19.489648035196545
IMG/35.229810352298735.jpg,35.229810352298735,19.492981035229874
IMG/35.263140352632036.jpg,35.263140352632036,19.496314035263204
IMG/35.296470352965336.jpg,35.296470352965336,19.499647035296533
IMG/35.32980035329864.jpg,35.32980035329864,19.502980035329863
IMG/35.36313035363194.jpg,35.36313035363194,19.506313035363195
IMG/35.39646035396524.jpg,35.39646035396524,19.509646035396525
IMG/35.42979035429854.jpg,35.42979035429854,19.512979035429854
IMG/35.46312035463184.jpg,35.46312035463184,19.516312035463184
IMG/35.49645035496514.jpg,35.49645035496514,19.519645035496513
IMG/35.52978035529844.jpg,35.52978035529844,19.522978035529846
IMG/35.56311035563174.jpg,35.56311035563174,19.526311035563175
IMG/35.59644035596504.jpg,35.59644035596504,19.529644035596505
IMG/35.629770356298344.jpg,35.629770356298344,19.532977035629834
IMG/35.663100356631645.jpg,35.663100356631645,19.536310035663163
IMG/35.696430356964946.jpg,35.696430356964946,19.539643035696496
IMG/35.72976035729825.jpg,35.72976035729825,19.542976035729826
IMG/35.76309035763155.jpg,35.76309035763155,19.546309035763155
IMG/35.79642035796485.jpg,35.79642035796485,19.549642035796484
IMG/35.82975035829815.jpg,35.82975035829815,19.552975035829814
IMG/35.86308035863145.jpg,35.86308035863145,19.556308035863147
IMG/35.89641035896475.jpg,35.89641035896475,19.559641035896476
IMG/35.92974035929805.jpg,35.92974035929805,19.562974035929805
IMG/35.96307035963135.jpg,35.96307035963135,19.566307035963135
IMG/35.99640035996465.jpg,35.99640035996465,19.569640035996464
IMG/36.029730360297954.jpg,36.029730360297954,19.578621804486406
IMG/36.063060360631255.jpg,36.063060360631255,19.588287504583064
IMG/36.096390360964556.jpg,36.096390360964556,19.597953204679722
IMG/36.129720361297856.jpg,36.129720361297856,19.607618904776377
IMG/36.16305036163116.jpg,36.16305036163116,19.617284604873035
IMG/36.19638036196446.jpg,36.19638036196446,19.626950304969693
IMG/36.22971036229776.jpg,36.22971036229776,19.63661600506635
IMG/36.26304036263106.jpg,36.26304036263106,19.64628170516301
IMG/36.29637036296436.jpg,36.29637036296436,19.655947405259663
IMG/36.32970036329766.jpg,36.32970036329766,19.66561310535632
IMG/36.36303036363096.jpg,36.36303036363096,19.67527880545298
IMG/36.39636036396426.jpg,36.39636036396426,19.684944505549637
IMG/36.429690364297564.jpg,36.429690364297564,19.694610205646292
IMG/36.463020364630864.jpg,36.463020364630864,19.70427590574295
IMG/36.496350364964165.jpg,36.496350364964165,19.713941605839608
IMG/36.529680365297466.jpg,36.529680365297466,19.723607305936266
IMG/36.56301036563077.jpg,36.56301036563077,19.73327300603292
IMG/36.59634036596407.jpg,36.59634036596407,19.74293870612958
IMG/36.62967036629737.jpg,36.62967036629737,19.752604406226236
IMG/36.66300036663067.jpg,36.66300036663067,19.762270106322894
IMG/36.69633036696397.jpg,36.69633036696397,19.771935806419553
IMG/36.72966036729727.jpg,36.72966036729727,19.781601506516207
IMG/36.76299036763057.jpg,36.76299036763057,19.791267206612865
IMG/36.79632036796387.jpg,36.79632036796387,19.800932906709523
IMG/36.82965036829717.jpg,36.82965036829717,19.81059860680618
IMG/36.862980368630474.jpg,36.862980368630474,19.820264306902835
IMG/36.896310368963775.jpg,36.896310368963775,19.829930006999493
IMG/36.929640369297076.jpg,36.929640369297076,19.83959570709615
IMG/36.962970369630376.jpg,36.962970369630376,19.84926140719281
IMG/36.99630036996368.jpg,36.99630036996368,19.858927107289468
IMG/37.02963037029698.jpg,37.02963037029698,19.868592807386122
IMG/37.06296037063028.jpg,37.06296037063028,19.87825850748278
IMG/37.09629037096358.jpg,37.09629037096358,19.887924207579438
IMG/37.12962037129688.jpg,37.12962037129688,19.897589907676096
IMG/37.16295037163018.jpg,37.16295037163018,19.90725560777275
IMG/37.19628037196348.jpg,37.19628037196348,19.91692130786941
IMG/37.22961037229678.jpg,37.22961037229678,19.926587007966067
IMG/37.262940372630084.jpg,37.262940372630084,19.936252708062725
IMG/37.296270372963384.jpg,37.296270372963384,19.94591840815938
IMG/37.329600373296685.jpg,37.329600373296685,19.955584108256037
IMG/37.362930373629986.jpg,37.362930373629986,19.965249808352695
IMG/37.39626037396329.jpg,37.39626037396329,19.974915508449353
IMG/37.42959037429659.jpg,37.42959037429659,19.98458120854601
IMG/37.46292037462989.jpg,37.46292037462989,19.994246908642666
IMG/37.49625037496319.jpg,37.49625037496319,20.003912608739324
IMG/37.52958037529649.jpg,37.52958037529649,20.01357830883598
IMG/37.56291037562979.jpg,37.56291037562979,20.02324400893264
IMG/37.59624037596309.jpg,37.59624037596309,20.032909709029294
IMG/37.62957037629639.jpg,37.62957037629639,20.042575409125952
IMG/37.66290037662969.jpg,37.66290037662969,20.05224110922261
IMG/37.696230376962994.jpg,37.696230376962994,20.061906809319268
IMG/37.729560377296295.jpg,37.729560377296295,20.071572509415923
IMG/37.762890377629596.jpg,37.762890377629596,20.08123820951258
IMG/37.7962203779629.jpg,37.7962203779629,20.09090390960924
IMG/37.8295503782962.jpg,37.8295503782962,20.100569609705897
IMG/37.8628803786295.jpg,37.8628803786295,20.110235309802555
IMG/37.8962103789628.jpg,37.8962103789628,20.11990100989921
IMG/37.9295403792961.jpg,37.9295403792961,20.129566709995867
IMG/37.9628703796294.jpg,37.9628703796294,20.139232410092525
IMG/37.9962003799627.jpg,37.9962003799627,20.148898110189183
IMG/38.029530380296.jpg,38.029530380296,20.158120854581398
IMG/38.0628603806293.jpg,38.0628603806293,20.167286604673055
IMG/38.096190380962604.jpg,38.096190380962604,20.176452354764713
IMG/38.129520381295904.jpg,38.129520381295904,20.185618104856374
IMG/38.162850381629205.jpg,38.162850381629205,20.19478385494803
IMG/38.196180381962506.jpg,38.196180381962506,20.20394960503969
IMG/38.22951038229581.jpg,38.22951038229581,20.213115355131347
IMG/38.26284038262911.jpg,38.26284038262911,20.222281105223004
IMG/38.29617038296241.jpg,38.29617038296241,20.231446855314662
IMG/38.32950038329571.jpg,38.32950038329571,20.24061260540632
IMG/38.36283038362901.jpg,38.36283038362901,20.249778355497977
IMG/38.39616038396231.jpg,38.39616038396231,20.258944105589634
IMG/38.42949038429561.jpg,38.42949038429561,20.268109855681292
IMG/38.46282038462891.jpg,38.46282038462891,20.27727560577295
IMG/38.49615038496221.jpg,38.49615038496221,20.286441355864607
IMG/38.529480385295514.jpg,38.529480385295514,20.295607105956265
IMG/38.562810385628815.jpg,38.562810385628815,20.304772856047922
IMG/38.596140385962116.jpg,38.596140385962116,20.31393860613958
IMG/38.62947038629542.jpg,38.62947038629542,20.323104356231237
IMG/38.66280038662872.jpg,38.66280038662872,20.332270106322895
IMG/38.69613038696202.jpg,38.69613038696202,20.341435856414552
IMG/38.72946038729532.jpg,38.72946038729532,20.35060160650621
IMG/38.76279038762862.jpg,38.76279038762862,20.35976735659787
IMG/38.79612038796192.jpg,38.79612038796192,20.36893310668953
IMG/38.82945038829522.jpg,38.82945038829522,20.378098856781186
IMG/38.86278038862852.jpg,38.86278038862852,20.387264606872844
IMG/38.89611038896182.jpg,38.89611038896182,20.3964303569645
IMG/38.929440389295124.jpg,38.929440389295124,20.40559610705616
IMG/38.962770389628425.jpg,38.962770389628425,20.414761857147816
IMG/38.996100389961725.jpg,38.996100389961725,20.423927607239474
IMG/39.029430390295026.jpg,39.029430390295026,20.43309335733113
IMG/39.06276039062833.jpg,39.06276039062833,20.44225910742279
IMG/39.09609039096163.jpg,39.09609039096163,20.451424857514446
IMG/39.12942039129493.jpg,39.12942039129493,20.460590607606104
IMG/39.16275039162823.jpg,39.16275039162823,20.46975635769776
IMG/39.19608039196153.jpg,39.19608039196153,20.47892210778942
IMG/39.22941039229483.jpg,39.22941039229483,20.488087857881077
IMG/39.26274039262813.jpg,39.26274039262813,20.497253607972734
IMG/39.29607039296143.jpg,39.29607039296143,20.50641935806439
IMG/39.32940039329473.jpg,39.32940039329473,20.51558510815605
IMG/39.362730393628034.jpg,39.362730393628034,20.524750858247707
IMG/39.396060393961335.jpg,39.396060393961335,20.533916608339368
IMG/39.429390394294636.jpg,39.429390394294636,20.543082358431025
IMG/39.46272039462794.jpg,39.46272039462794,20.552248108522683
IMG/39.49605039496124.jpg,39.49605039496124,20.56141385861434
IMG/39.52938039529454.jpg,39.52938039529454,20.570579608705998
IMG/39.56271039562784.jpg,39.56271039562784,20.579745358797656
IMG/39.59604039596114.jpg,39.59604039596114,20.588911108889313
IMG/39.62937039629444.jpg,39.62937039629444,20.59807685898097
IMG/39.66270039662774.jpg,39.66270039662774,20.607242609072628
IMG/39.69603039696104.jpg,39.69603039696104,20.616408359164286
IMG/39.72936039729434.jpg,39.72936039729434,20.625574109255943
IMG/39.762690397627644.jpg,39.762690397627644,20.6347398593476
IMG/39.796020397960945.jpg,39.796020397960945,20.64390560943926
IMG/39.829350398294245.jpg,39.829350398294245,20.653071359530916
IMG/39.862680398627546.jpg,39.862680398627546,20.662237109622573
IMG/39.89601039896085.jpg,39.89601039896085,20.67140285971423
IMG/39.92934039929415.jpg,39.92934039929415,20.68056860980589
IMG/39.96267039962745.jpg,39.96267039962745,20.689734359897546
IMG/39.99600039996075.jpg,39.99600039996075,20.698900109989204
IMG/40.02933040029405.jpg,40.02933040029405,20.683868279838272
IMG/40.06266040062735.jpg,40.06266040062735,20.665536779654957
IMG/40.09599040096065.jpg,40.09599040096065,20.647205279471642
IMG/40.12932040129395.jpg,40.12932040129395,20.628873779288327
IMG/40.16265040162725.jpg,40.16265040162725,20.61054227910501
IMG/40.195980401960554.jpg,40.195980401960554,20.592210778921693
IMG/40.229310402293855.jpg,40.229310402293855,20.573879278738378
IMG/40.262640402627156.jpg,40.262640402627156,20.555547778555063
IMG/40.29597040296046.jpg,40.29597040296046,20.537216278371748
IMG/40.32930040329376.jpg,40.32930040329376,20.518884778188433
IMG/40.36263040362706.jpg,40.36263040362706,20.500553278005118
IMG/40.39596040396036.jpg,40.39596040396036,20.482221777821803
IMG/40.42929040429366.jpg,40.42929040429366,20.463890277638487
IMG/40.46262040462696.jpg,40.46262040462696,20.445558777455172
IMG/40.49595040496026.jpg,40.49595040496026,20.427227277271857
IMG/40.52928040529356.jpg,40.52928040529356,20.408895777088542
IMG/40.56261040562686.jpg,40.56261040562686,20.390564276905224
IMG/40.595940405960164.jpg,40.595940405960164,20.37223277672191
IMG/40.629270406293465.jpg,40.629270406293465,20.353901276538593
IMG/40.662600406626765.jpg,40.662600406626765,20.33556977635528
IMG/40.695930406960066.jpg,40.695930406960066,20.317238276171963
IMG/40.72926040729337.jpg,40.72926040729337,20.298906775988648
IMG/40.76259040762667.jpg,40.76259040762667,20.280575275805333
IMG/40.79592040795997.jpg,40.79592040795997,20.262243775622018
IMG/40.82925040829327.jpg,40.82925040829327,20.243912275438703
IMG/40.86258040862657.jpg,40.86258040862657,20.225580775255388
IMG/40.89591040895987.jpg,40.89591040895987,20.207249275072073
IMG/40.92924040929317.jpg,40.92924040929317,20.188917774888754
IMG/40.96257040962647.jpg,40.96257040962647,20.17058627470544
IMG/40.99590040995977.jpg,40.99590040995977,20.152254774522124
IMG/41.029230410293074.jpg,41.029230410293074,20.13392327433881
IMG/41.062560410626375.jpg,41.062560410626375,20.115591774155494
IMG/41.095890410959676.jpg,41.095890410959676,20.09726027397218
IMG/41.12922041129298.jpg,41.12922041129298,20.078928773788864
IMG/41.16255041162628.jpg,41.16255041162628,20.06059727360555
IMG/41.19588041195958.jpg,41.19588041195958,20.042265773422233
IMG/41.22921041229288.jpg,41.22921041229288,20.02393427323892
IMG/41.26254041262618.jpg,41.26254041262618,20.005602773055603
IMG/41.29587041295948.jpg,41.29587041295948,19.987271272872285
IMG/41.32920041329278.jpg,41.32920041329278,19.96893977268897
IMG/41.36253041362608.jpg,41.36253041362608,19.950608272505654
IMG/41.39586041395938.jpg,41.39586041395938,19.93227677232234
IMG/41.429190414292684.jpg,41.429190414292684,19.913945272139024
IMG/41.462520414625985.jpg,41.462520414625985,19.89561377195571
IMG/41.495850414959286.jpg,41.495850414959286,19.877282271772394
IMG/41.529180415292586.jpg,41.529180415292586,19.85895077158908
IMG/41.56251041562589.jpg,41.56251041562589,19.840619271405764
IMG/41.59584041595919.jpg,41.59584041595919,19.82228777122245
IMG/41.62917041629249.jpg,41.62917041629249,19.803956271039134
IMG/41.66250041662579.jpg,41.66250041662579,19.78562477085582
IMG/41.69583041695909.jpg,41.69583041695909,19.7672932706725
IMG/41.72916041729239.jpg,41.72916041729239,19.748961770489185
IMG/41.76249041762569.jpg,41.76249041762569,19.73063027030587
IMG/41.79582041795899.jpg,41.79582041795899,19.712298770122555
IMG/41.82915041829229.jpg,41.82915041829229,19.69396726993924
IMG/41.862480418625594.jpg,41.862480418625594,19.675635769755925
IMG/41.895810418958895.jpg,41.895810418958895,19.65730426957261
IMG/41.929140419292196.jpg,41.929140419292196,19.638972769389294
IMG/41.9624704196255.jpg,41.9624704196255,19.62064126920598
IMG/41.9958004199588.jpg,41.9958004199588,19.602309769022664
IMG/42.0291304202921.jpg,42.0291304202921,19.604223910942356
IMG/42.0624604206254.jpg,42.0624604206254,19.609056760990683
IMG/42.0957904209587.jpg,42.0957904209587,19.613889611039014
IMG/42.129120421292.jpg,42.129120421292,19.61872246108734
IMG/42.1624504216253.jpg,42.1624504216253,19.62355531113567
IMG/42.1957804219586.jpg,42.1957804219586,19.628388161184
IMG/42.2291104222919.jpg,42.2291104222919,19.633221011232326
IMG/42.262440422625204.jpg,42.262440422625204,19.638053861280657
IMG/42.295770422958505.jpg,42.295770422958505,19.642886711328984
IMG/42.329100423291806.jpg,42.329100423291806,19.647719561377315
IMG/42.362430423625106.jpg,42.362430423625106,19.652552411425642
IMG/42.39576042395841.jpg,42.39576042395841,19.65738526147397
IMG/42.42909042429171.jpg,42.42909042429171,19.6622181115223
IMG/42.46242042462501.jpg,42.46242042462501,19.667050961570627
IMG/42.49575042495831.jpg,42.49575042495831,19.671883811618954
IMG/42.52908042529161.jpg,42.52908042529161,19.676716661667285
IMG/42.56241042562491.jpg,42.56241042562491,19.681549511715613
IMG/42.59574042595821.jpg,42.59574042595821,19.686382361763943
IMG/42.62907042629151.jpg,42.62907042629151,19.69121521181227
IMG/42.662400426624814.jpg,42.662400426624814,19.696048061860598
IMG/42.695730426958114.jpg,42.695730426958114,19.70088091190893
IMG/42.729060427291415.jpg,42.729060427291415,19.705713761957256
IMG/42.762390427624716.jpg,42.762390427624716,19.710546612005587
IMG/42.79572042795802.jpg,42.79572042795802,19.715379462053914
IMG/42.82905042829132.jpg,42.82905042829132,19.72021231210224
IMG/42.86238042862462.jpg,42.86238042862462,19.725045162150572
IMG/42.89571042895792.jpg,42.89571042895792,19.7298780121989
IMG/42.92904042929122.jpg,42.92904042929122,19.734710862247226
IMG/42.96237042962452.jpg,42.96237042962452,19.739543712295557
IMG/42.99570042995782.jpg,42.99570042995782,19.744376562343884
IMG/43.02903043029112.jpg,43.02903043029112,19.749209412392215
IMG/43.06236043062442.jpg,43.06236043062442,19.754042262440542
IMG/43.095690430957724.jpg,43.095690430957724,19.75887511248887
IMG/43.129020431291025.jpg,43.129020431291025,19.7637079625372
IMG/43.162350431624326.jpg,43.162350431624326,19.768540812585528
IMG/43.195680431957626.jpg,43.195680431957626,19.77337366263386
IMG/43.22901043229093.jpg,43.22901043229093,19.778206512682186
IMG/43.26234043262423.jpg,43.26234043262423,19.783039362730513
IMG/43.29567043295753.jpg,43.29567043295753,19.787872212778844
IMG/43.32900043329083.jpg,43.32900043329083,19.79270506282717
IMG/43.36233043362413.jpg,43.36233043362413,19.797537912875498
IMG/43.39566043395743.jpg,43.39566043395743,19.80237076292383
IMG/43.42899043429073.jpg,43.42899043429073,19.807203612972156
IMG/43.46232043462403.jpg,43.46232043462403,19.812036463020487
IMG/43.495650434957334.jpg,43.495650434957334,19.816869313068814
IMG/43.528980435290634.jpg,43.528980435290634,19.82170216311714
IMG/43.562310435623935.jpg,43.562310435623935,19.826535013165472
IMG/43.595640435957236.jpg,43.595640435957236,19.8313678632138
IMG/43.62897043629054.jpg,43.62897043629054,19.83620071326213
IMG/43.66230043662384.jpg,43.66230043662384,19.841033563310457
IMG/43.69563043695714.jpg,43.69563043695714,19.845866413358785
IMG/43.72896043729044.jpg,43.72896043729044,19.850699263407115
IMG/43.76229043762374.jpg,43.76229043762374,19.855532113455443
IMG/43.79562043795704.jpg,43.79562043795704,19.86036496350377
IMG/43.82895043829034.jpg,43.82895043829034,19.8651978135521
IMG/43.86228043862364.jpg,43.86228043862364,19.870030663600428
IMG/43.89561043895694.jpg,43.89561043895694,19.87486351364876
IMG/43.928940439290244.jpg,43.928940439290244,19.879696363697086
IMG/43.962270439623545.jpg,43.962270439623545,19.884529213745413
IMG/43.995600439956846.jpg,43.995600439956846,19.889362063793744
IMG/44.02893044029015.jpg,44.02893044029015,19.895062827050776
IMG/44.06226044062345.jpg,44.06226044062345,19.900895577109104
IMG/44.09559044095675.jpg,44.09559044095675,19.906728327167432
IMG/44.12892044129005.jpg,44.12892044129005,19.91256107722576
IMG/44.16225044162335.jpg,44.16225044162335,19.91839382728409
IMG/44.19558044195665.jpg,44.19558044195665,19.924226577342413
IMG/44.22891044228995.jpg,44.22891044228995,19.93005932740074
IMG/44.26224044262325.jpg,44.26224044262325,19.93589207745907
IMG/44.29557044295655.jpg,44.29557044295655,19.941724827517398
IMG/44.328900443289854.jpg,44.328900443289854,19.947557577575726
IMG/44.362230443623154.jpg,44.362230443623154,19.953390327634054
IMG/44.395560443956455.jpg,44.395560443956455,19.95922307769238
IMG/44.428890444289756.jpg,44.428890444289756,19.965055827750707
IMG/44.46222044462306.jpg,44.46222044462306,19.970888577809035
IMG/44.49555044495636.jpg,44.49555044495636,19.976721327867363
IMG/44.52888044528966.jpg,44.52888044528966,19.98255407792569
IMG/44.56221044562296.jpg,44.56221044562296,19.98838682798402
IMG/44.59554044595626.jpg,44.59554044595626,19.994219578042344
IMG/44.62887044628956.jpg,44.62887044628956,20.000052328100672
IMG/44.66220044662286.jpg,44.66220044662286,20.005885078159
IMG/44.69553044695616.jpg,44.69553044695616,20.01171782821733
IMG/44.72886044728946.jpg,44.72886044728946,20.017550578275657
IMG/44.762190447622764.jpg,44.762190447622764,20.023383328333985
IMG/44.795520447956065.jpg,44.795520447956065,20.02921607839231
IMG/44.828850448289366.jpg,44.828850448289366,20.035048828450638
IMG/44.86218044862267.jpg,44.86218044862267,20.040881578508966
IMG/44.89551044895597.jpg,44.89551044895597,20.046714328567294
IMG/44.92884044928927.jpg,44.92884044928927,20.052547078625622
IMG/44.96217044962257.jpg,44.96217044962257,20.05837982868395
IMG/44.99550044995587.jpg,44.99550044995587,20.06421257874228
IMG/45.02883045028917.jpg,45.02883045028917,20.070045328800603
IMG/45.06216045062247.jpg,45.06216045062247,20.07587807885893
IMG/45.09549045095577.jpg,45.09549045095577,20.08171082891726
IMG/45.12882045128907.jpg,45.12882045128907,20.087543578975588
IMG/45.162150451622374.jpg,45.162150451622374,20.093376329033916
IMG/45.195480451955675.jpg,45.195480451955675,20.099209079092244
IMG/45.228810452288975.jpg,45.228810452288975,20.10504182915057
IMG/45.262140452622276.jpg,45.262140452622276,20.110874579208897
IMG/45.29547045295558.jpg,45.29547045295558,20.116707329267225
IMG/45.32880045328888.jpg,45.32880045328888,20.122540079325553
IMG/45.36213045362218.jpg,45.36213045362218,20.12837282938388
IMG/45.39546045395548.jpg,45.39546045395548,20.13420557944221
IMG/45.42879045428878.jpg,45.42879045428878,20.140038329500534
IMG/45.46212045462208.jpg,45.46212045462208,20.145871079558862
IMG/45.49545045495538.jpg,45.49545045495538,20.15170382961719
IMG/45.52878045528868.jpg,45.52878045528868,20.15753657967552
IMG/45.56211045562198.jpg,45.56211045562198,20.163369329733847
IMG/45.595440455955284.jpg,45.595440455955284,20.169202079792175
IMG/45.628770456288585.jpg,45.628770456288585,20.1750348298505
IMG/45.662100456621886.jpg,45.662100456621886,20.180867579908828
IMG/45.69543045695519.jpg,45.69543045695519,20.186700329967156
IMG/45.72876045728849.jpg,45.72876045728849,20.192533080025484
IMG/45.76209045762179.jpg,45.76209045762179,20.198365830083812
IMG/45.79542045795509.jpg,45.79542045795509,20.20419858014214
IMG/45.82875045828839.jpg,45.82875045828839,20.210031330200465
IMG/45.86208045862169.jpg,45.86208045862169,20.215864080258793
IMG/45.89541045895499.jpg,45.89541045895499,20.22169683031712
IMG/45.92874045928829.jpg,45.92874045928829,20.22752958037545
IMG/45.96207045962159.jpg,45.96207045962159,20.233362330433778
IMG/45.995400459954894.jpg,45.995400459954894,20.239195080492106
IMG/46.028730460288195.jpg,46.028730460288195,20.22956126609529
IMG/46.062060460621495.jpg,46.062060460621495,20.21745136597419
IMG/46.095390460954796.jpg,46.095390460954796,20.20534146585309
IMG/46.1287204612881.jpg,46.1287204612881,20.19323156573199
IMG/46.1620504616214.jpg,46.1620504616214,20.181121665610892
IMG/46.1953804619547.jpg,46.1953804619547,20.169011765489792
IMG/46.228710462288.jpg,46.228710462288,20.15690186536869
IMG/46.2620404626213.jpg,46.2620404626213,20.14479196524759
IMG/46.2953704629546.jpg,46.2953704629546,20.13268206512649
IMG/46.3287004632879.jpg,46.3287004632879,20.120572165005395
IMG/46.3620304636212.jpg,46.3620304636212,20.108462264884295
IMG/46.3953604639545.jpg,46.3953604639545,20.096352364763195
IMG/46.428690464287804.jpg,46.428690464287804,20.084242464642095
IMG/46.462020464621105.jpg,46.462020464621105,20.072132564521
IMG/46.495350464954406.jpg,46.495350464954406,20.0600226643999
IMG/46.52868046528771.jpg,46.52868046528771,20.0479127642788
IMG/46.56201046562101.jpg,46.56201046562101,20.0358028641577
IMG/46.59534046595431.jpg,46.59534046595431,20.0236929640366
IMG/46.62867046628761.jpg,46.62867046628761,20.011583063915502
IMG/46.66200046662091.jpg,46.66200046662091,19.999473163794402
IMG/46.69533046695421.jpg,46.69533046695421,19.987363263673302
IMG/46.72866046728751.jpg,46.72866046728751,19.975253363552202
IMG/46.76199046762081.jpg,46.76199046762081,19.963143463431102
IMG/46.79532046795411.jpg,46.79532046795411,19.951033563310006
